user_id,timestamp,event_type,duration_seconds
u0166,2026-02-28 10:29:30,click,46
u0007,01/25/2026 06:45:26,login,348
u0054,2026-04-28T00:51:56.561,click,54
u0082,2026-04-06T23:44:55,scroll,36
u0009,2026-04-26T20:20:16.812,login,0
u0090,2026-03-31T10:56:34.463,view,-10
u0015,2026-03-12 08:10:17,scroll,13
u0010,2026-03-01T15:39:53,buy,323
u0047,2026-02-26T11:58:27,click,150
u0027,2026-02-09 22:48:02,click,388
u0094,2026-02-22 01:57:46,scroll,125
u0146,2026-04-27T02:18:29,view,-37
u0178,2026-03-30T06:52:07,click,124
u0190,2026-02-12T23:59:26,view,13
u0037,2026-03-18 17:19:57,click,131
u0192,2026-04-09T05:51:21,scroll,230
u0184,2026-01-04T05:44:05,PURCHASE!,291
u0018,04/28/2026 16:06:36,purchase,33
u0075,2026-03-20T23:01:50,login,-23
u0007,,click,60
u0049,01/22/2026 13:52:52,click,29
u0012,2026-04-21T10:15:09.027,view,37
u0069,2026-04-17T12:55:24,login,13
u0108,2026-04-27T08:38:54,view,39
u0135,2026-02-23T17:48:50.193,login,-40
u0099,2026-02-28T11:32:46,view,151
,2026-02-13 02:37:27,purchase,45
u0124,02/24/2026 21:00:50,login,19
u0189,2026-01-15T15:21:11,view,163
u0055,2026-02-25T22:28:06,login,134
u0184,02/13/2026 17:35:03,scroll,74
u0198,2026-03-02T11:07:20,login,74
u0091,2026-03-02 01:46:26,login,117
u0186,01/06/2026 14:06:27,click,52
u0164,2026-02-15T05:04:35,purchase,282
u0034,2026-01-17T12:28:20,purchase,58
u0056,2026-01-25T16:54:20,scroll,0
u0155,2026-02-23T01:37:59.937,view,142
u0128,2026-01-10T04:41:01,view,224
u0165,2026-04-16 01:56:21,login,84
u0002,2026-01-17T17:41:21,purchase,4
u0188,2026-03-28 14:55:10,scroll,0
,2026-04-23T04:36:20,purchase,123
u0190,04/20/2026 03:44:32,purchase,-36
u0020,04/09/2026 19:45:50,click,26
u0167,2026-04-14T10:22:02,buy,48
u0011,2026-03-26T12:46:35,scroll,22
u0156,2026-03-21 00:33:31,click,-46
u0184,2026-01-06T19:22:08,login,63
u0006,2026-04-17T17:33:02.844,view,231
u0026,2026-04-01T23:41:12,view,66
u0102,2026-03-17T02:34:02,click,136
u0192,2026-01-16T04:22:20,klick,9
u0040,2026-03-16T05:15:53,login,108
u0040,2026-03-26T21:54:32,click,57
u0191,2026-02-13 23:11:29,scroll,71
u0053,2026-01-24T04:49:40,view,8
u0010,2026-03-16T03:39:33,login,71
u0012,04/24/2026 08:43:25,purchase,126
u0095,2026-03-24 14:15:27,login,88
u0139,2026-02-21T02:47:55,view,22
u0181,2026-04-17T19:21:02,view,38
u0177,01/25/2026 05:59:20,click,119
u0126,2026-04-27T12:53:38,click,316
u0152,2026-01-26T02:25:22,login,243
u0031,01/23/2026 14:43:52,login,144
u0135,2026-04-18 04:12:44,click,118
u0070,2026-01-15T18:57:14,view,23
,2026-04-25T02:56:21,view,15
u0024,2026-03-03 11:34:42,click,31
u0103,2026-01-01 14:45:53,buy,45
u0096,2026-02-19T04:45:05,view,201
u0159,2026-01-23 05:04:50,view,142
u0140,2026-02-14T12:08:49,view,27
u0172,2026-02-26T00:10:29,scroll,17
u0042,2026-04-12T14:18:00,scroll,0
u0191,2026-03-31T17:51:05,scroll,39
u0060,2026-03-03T13:11:21,click,105
u0066,2026-01-08T15:34:11,click,141
u0034,2026-03-23T01:22:52.090,purchase,31
u0093,2026-04-22 08:57:27,PURCHASE!,103
u0039,2026-01-09T19:59:30.661,login,38
u0048,2026-01-05T00:25:50,click,33
u0095,2026-04-15T16:01:40,scroll,22
u0160,2026-04-30T01:19:52,view,70
u0179,2026-01-30T20:02:09,login,65
u0138,2026-02-13T18:46:28,view,134
u0094,02/04/2026 23:48:15,click,61
u0028,03/13/2026 20:58:41,view,49
u0075,2026-02-07T02:45:18.732,login,
u0155,2026-04-12T11:47:22.052,click,-34
u0096,03/17/2026 21:11:00,view,6
u0045,,login,242
u0113,01/04/2026 21:29:28,scroll,206
u0195,2026-04-14T11:44:27,login,43
u0185,04/14/2026 20:43:17,click,129
,2026-04-03T22:39:09,view,19
u0080,2026-01-29T05:01:05,click,-6
u0032,2026-01-21T18:33:32.952,click,16
u0131,2026-03-17T10:58:34,view,94
u0157,2026-01-18T23:09:37,purchase,31
u0130,2026-01-31T13:59:03,view,37
u0015,04/16/2026 14:10:24,scroll,37
u0049,2026-03-11T04:12:00,login,35
u0170,2026-01-30 15:42:01,scroll,85
u0073,2026-02-06T15:30:31,click,12
u0091,2026-04-09T18:21:41,purchase,11
u0106,2026-04-23T05:22:06,click,46
u0074,2026-04-02T16:06:28,login,121
u0200,2026-04-14T03:45:23,scroll,126
u0182,2026-01-04 16:51:36,VIEW,65
u0149,2026-01-18T02:16:10.616,scroll,18
u0184,2026-01-20T02:25:56,login,26
u0167,01/25/2026 22:08:46,purchase,15
u0191,02/11/2026 19:26:21,view,288
u0134,2026-03-12T00:06:28,view,52
u0140,2026-04-13 09:02:49,click,89
u0168,2026-02-16T11:49:00,purchase,10
u0147,2026-02-06T09:54:29,login,171
u0148,2026-03-03T07:44:16,view,9
u0135,2026-04-12T00:19:42,purchase,184
u0153,2026-01-22T19:43:14,view,76
u0091,2026-03-09 06:03:29,,36
u0147,2026-02-18 05:02:13,scroll,507
u0001,2026-01-22T02:05:58,login,28
u0117,2026-01-26T19:31:42,click,61
u0027,2026-03-14T08:00:35,scroll,16
u0155,01/24/2026 02:21:30,purchase,172
u0073,2026-02-10 11:15:55,login,62
u0188,2026-02-13 13:07:59,login,115
u0182,2026-02-28T20:52:04,login,42
u0093,2026-03-16 08:22:52,click,49
u0031,2026-03-17T20:41:21,login,44
u0035,2026-01-01T05:28:58,purchase,39
u0117,01/31/2026 00:27:15,purchase,167
u0193,2026-02-06T15:49:50,view,7
u0147,2026-01-14 18:39:44,view,31
u0173,04/26/2026 18:10:24,login,50
u0045,2026-03-02T23:52:07,purchase,67
u0039,2026-04-09T12:43:31.364,purchase,43
u0023,2026-02-08T11:56:54,scroll,69
u0083,2026-03-23T13:33:03.569,click,167
u0197,2026-02-11 22:30:25,scroll,20
u0149,2026-04-06 13:16:26,scroll,32
u0143,2026-04-03T22:02:45,VIEW,10
u0082,2026-01-08T02:22:14,purchase,18
u0174,03/16/2026 22:49:09,login,154
u0144,2026-04-24T03:48:22,scroll,25
u0070,2026-04-10T11:23:00,view,0
u0173,2026-02-23 08:58:08,test,19
u0054,02/07/2026 16:58:58,click,38
u0190,2026-01-28T14:34:08,test,113
u0024,2026-02-27T20:33:48,purchase,48
u0194,2026-04-29T02:16:14.044,view,94
u0023,2026-03-15T23:45:55,purchase,48
u0098,2026-01-11 18:25:18,click,5
u0179,2026-01-17T03:44:21,view,87
u0023,2026-03-22T07:42:11,purchase,195
,2026-03-09T13:27:48,,23
u0042,04/07/2026 19:54:44,,153
u0117,2026-04-24T08:10:23,view,24
u0164,2026-01-16T08:51:01,purchase,20
u0180,04/16/2026 12:55:27,scroll,22
u0130,03/30/2026 19:03:31,view,0
u0189,2026-02-08T20:50:05,scroll,17
u0174,2026-04-11 09:00:47,scroll,38
u0043,2026-02-02T13:09:00,click,78
u0114,2026-02-23T10:42:13,view,0
u0080,,scroll,36
u0007,2026-03-16T06:10:43,purchase,89
u0018,2026-01-12T05:04:15.060,login,44
,2026-03-10T04:49:53.792,purchase,48
u0170,2026-04-27T05:04:26,view,68
u0106,2026-01-18T19:27:02.449,login,31
u0184,2026-01-25T06:54:04,scroll,174
u0035,2026-04-25T03:33:00,klick,14
u0060,2026-03-05T09:37:42,login,-49
u0065,2026-03-29T23:14:51,login,0
u0021,2026-02-07T01:45:20,login,0
u0001,2026-01-25T15:42:24.971,view,159
u0118,2026-03-07T10:33:11,click,44
u0198,2026-04-23T07:54:49,scroll,65
u0076,2026-04-11T05:25:14,,36
u0027,03/04/2026 20:25:20,PURCHASE!,69
u0078,2026-03-08 00:17:50,view,42
u0123,2026-02-27 09:57:37,scroll,85
u0021,2026-04-04T23:15:11,view,122
u0115,2026-03-01T11:51:22,click,140
u0027,2026-04-02T17:36:33,click,95
u0127,2026-03-01T05:59:23.136,view,88
u0157,2026-02-17T18:09:16.360,VIEW,35
u0102,2026-04-11T19:55:19,view,44
u0160,2026-04-14T06:02:56,click,91
u0103,2026-04-18T06:30:59,click,-2
u0150,2026-01-23T22:36:33,view,19
u0070,2026-01-04T01:20:14,login,10
u0139,2026-04-04 07:10:18,click,18
u0030,2026-02-19 20:50:13,click,12
u0089,2026-03-05T13:00:00,click,22
u0007,2026-02-19T12:33:23,view,223
u0183,2026-01-31T12:16:18,click,77
u0041,2026-04-09T16:21:50,view,268
,01/19/2026 22:02:45,login,
u0086,2026-01-07T00:02:17,purchase,42
u0187,,purchase,14
u0040,2026-01-13T19:49:12,click,31
u0192,2026-02-25 03:10:40,click,48
u0016,2026-02-17T15:01:25,login,43
u0042,2026-02-17T06:02:19,scroll,3
u0154,2026-04-08T10:52:57,scroll,45
u0121,2026-02-19 21:22:52,view,237
u0148,02/16/2026 22:24:15,click,63
u0081,2026-03-05 23:59:17,click,22
u0133,2026-04-06 10:54:37,click,159
u0073,2026-02-04T09:07:19,view,-38
u0008,2026-04-26T14:03:45,view,74
u0146,2026-01-02T11:54:34,scroll,39
u0048,2026-03-05T05:29:09,purchase,95
u0167,2026-01-02T21:22:01.914,login,231
u0021,03/31/2026 03:57:32,click,55
u0123,2026-04-27T14:36:12,login,16
u0059,04/30/2026 19:50:41,scroll,97
u0031,02/23/2026 22:19:55,scroll,4
u0043,03/05/2026 06:58:29,purchase,95
u0091,2026-01-30T06:26:53,click,83
u0169,01/21/2026 15:22:51,klick,153
u0101,2026-03-29T05:26:31,click,212
u0177,2026-01-25T09:44:35,,79
u0132,04/18/2026 00:51:55,purchase,35
,01/31/2026 23:47:38,click,362
u0041,2026-02-13T05:08:57,click,84
u0026,2026-01-08T01:38:33,scroll,310
u0066,2026-02-09T14:11:19,purchase,125
u0154,2026-03-07T09:32:10,purchase,116
u0057,2026-01-24T07:22:47,scroll,25
u0043,2026-01-18T15:59:39,view,42
u0173,2026-01-31T10:26:44,login,438
u0002,2026-02-18T12:10:08,view,208
u0023,2026-03-03 08:17:09,click,13
u0006,,click,53
u0098,,view,141
u0037,2026-04-28T21:24:15,login,42
u0088,2026-02-13T22:08:46,login,13
u0150,2026-04-02T02:10:20,login,141
u0154,2026-04-09T12:18:58.506,purchase,25
u0091,2026-02-02T13:46:33,click,133
u0029,02/25/2026 10:06:56,purchase,21
u0064,,scroll,134
u0050,2026-03-12T01:59:37,scroll,19
u0159,2026-03-08 00:25:29,view,244
u0003,2026-04-21T11:49:53,scroll,133
u0025,2026-04-17T09:21:02,purchase,9
u0030,2026-01-07T06:45:35,login,60
u0115,2026-04-05 19:05:37,scroll,25
u0081,2026-04-30T12:35:02,,338
,03/12/2026 02:41:11,view,162
u0045,,scroll,-6
u0093,2026-01-15T07:23:00,,10
u0040,2026-04-10 11:39:35,purchase,21
u0180,2026-02-05T04:30:58,scroll,
u0111,2026-02-04T13:13:54,purchase,51
u0101,,purchase,
u0142,2026-02-18T18:48:34,click,93
u0013,2026-03-12T00:16:21.478,scroll,7
u0091,03/16/2026 10:28:02,login,99
u0073,2026-03-30T14:49:05,scroll,
u0122,2026-01-21 05:38:11,VIEW,45
u0156,2026-03-03T04:33:41,click,41
u0162,2026-01-09 06:03:03,login,34
u0046,2026-03-08T21:30:41.246,purchase,58
u0187,2026-01-16 23:12:58,click,32
u0164,2026-04-09T14:37:04,view,54
,02/10/2026 04:56:17,scroll,86
u0064,02/18/2026 12:04:14,view,89
u0003,2026-04-02T22:34:36,click,33
,2026-02-20T12:29:11,scroll,15
u0054,2026-02-18T17:57:42,login,71
u0188,2026-03-01T03:05:19,purchase,60
u0149,2026-02-27T15:05:58.087,click,30
u0138,2026-03-08T04:24:10,view,-7
u0197,2026-01-03T11:58:54.610,click,28
u0030,2026-01-04T05:41:26,login,28
u0173,2026-03-30 02:57:30,click,87
u0161,2026-03-16 21:26:37,purchase,11
u0017,2026-04-16 09:25:32,purchase,0
u0063,2026-03-03 18:33:00,click,30
u0013,2026-04-16 05:14:49,click,18
u0091,2026-03-01 05:29:09,view,30
u0091,,view,28
u0135,2026-03-24T08:51:37.330,log_in,28
u0125,04/30/2026 10:31:01,purchase,-41
u0129,04/18/2026 18:06:57,purchase,77
u0091,2026-02-22T13:24:50,klick,47
u0189,2026-02-21T06:24:29,login,311
u0001,2026-01-18 10:49:22,login,36
u0095,2026-02-19T05:25:42,view,132
u0060,03/10/2026 11:51:50,login,341
u0099,2026-01-18T04:24:06.949,scroll,158
u0103,2026-04-30T20:51:50.506,scroll,89
u0095,2026-04-03 19:16:32,login,23
u0069,2026-04-09T15:43:09,purchase,31
u0093,2026-01-06T18:18:11,view,189
,2026-01-25T21:11:54,purchase,80
u0066,04/26/2026 23:22:29,purchase,208
u0057,2026-04-30T16:49:41,view,78
u0114,2026-02-14 03:48:58,click,297
u0090,03/14/2026 18:59:18,view,38
u0172,02/03/2026 20:33:14,click,147
u0006,2026-01-15T01:50:03,purchase,56
u0069,2026-01-23 22:06:18,click,125
u0043,2026-04-13T17:53:04,purchase,65
u0173,2026-03-27T11:01:50,view,180
u0186,03/02/2026 00:16:11,klick,51
u0114,2026-01-23 05:36:59,purchase,184
u0112,2026-03-04T11:15:34,login,332
u0160,2026-04-28T18:46:05,view,39
u0038,2026-04-09T11:09:16,purchase,11
u0129,2026-01-20T07:19:10,scroll,113
u0192,2026-04-22T18:10:12,purchase,72
u0114,2026-04-06T04:11:30,login,188
u0191,2026-02-01T00:49:57,,-17
u0003,2026-03-19T20:19:32.976,view,30
,2026-04-14T22:31:02,scroll,109
u0052,2026-04-19T02:46:44,login,58
u0155,2026-03-20T15:10:11.949,click,23
u0124,2026-01-22 01:20:14,scroll,112
u0167,2026-02-16T00:23:27,click,15
u0117,2026-03-14T09:25:22,login,223
u0114,2026-04-11 03:52:33,click,62
u0034,02/24/2026 18:48:16,scroll,1060
u0102,2026-04-07 19:35:57,scroll,-36
u0129,2026-02-11T13:58:38.446,click,148
u0058,2026-01-03T14:59:03,click,57
u0171,03/24/2026 04:07:17,scroll,31
u0122,04/13/2026 14:52:57,purchase,54
u0143,2026-01-15T11:25:57,view,98
u0114,2026-03-02T18:45:03,click,27
u0116,2026-04-12T07:39:42,click,49
u0006,02/12/2026 07:13:42,login,-51
u0178,2026-03-22 01:31:33,click,80
u0163,2026-04-12T09:56:23,view,102
u0177,2026-04-30T04:02:13,purchase,366
u0091,2026-01-19 10:41:04,view,179
u0135,2026-02-03T19:01:36,scroll,2
u0026,2026-01-13 16:18:14,VIEW,54
u0030,03/03/2026 19:48:49,scroll,25
u0108,03/20/2026 13:14:08,view,45
u0125,2026-03-22T02:20:21,login,89
u0093,2026-02-17T17:08:19,view,73
u0128,2026-03-09T16:57:58,scroll,718
,2026-04-26T14:24:22,unknown,243
u0190,2026-03-02T22:01:47,view,138
u0050,2026-01-30T07:02:43,scroll,0
u0165,02/05/2026 05:08:51,scroll,22
u0065,2026-04-02T10:59:20,click,36
u0030,2026-03-07T19:34:56,view,6
u0028,04/12/2026 05:33:12,purchase,21
u0110,2026-03-08T09:06:16,click,90
u0172,2026-02-08T16:02:42,scroll,93
u0149,2026-01-04T16:44:32,purchase,60
u0078,2026-02-20T14:13:08,purchase,55
u0086,2026-01-22T16:41:49,login,45
u0071,2026-01-21T03:00:06.820,test,45
u0172,2026-04-09 09:52:41,purchase,8
u0089,2026-03-03 22:33:49,view,87
u0152,2026-02-14 18:25:29,purchase,24
u0094,2026-03-09T01:56:40,purchase,54
u0198,2026-02-26T16:15:32,log_in,84
u0159,2026-02-17 15:00:44,click,193
u0105,2026-02-26 11:24:34,click,8
u0131,2026-02-21T22:08:31.456,login,67
u0056,2026-04-19T09:12:00,click,29
u0194,2026-03-07T04:23:12.443,view,39
u0094,2026-04-18T22:10:00,scroll,109
u0035,2026-01-29T19:01:56,view,1068
u0064,2026-04-16 01:08:14,click,34
u0104,,click,123
u0101,2026-01-07T13:17:54,login,108
u0172,2026-02-20T12:51:50,login,31
u0189,2026-04-15T02:31:32,login,33
u0158,2026-01-09T15:21:58,test,54
u0029,01/19/2026 14:14:25,view,78
u0032,2026-04-30 19:55:15,click,70
u0069,2026-02-26 17:54:52,view,68
u0032,2026-02-02T16:21:43.061,purchase,209
u0129,04/24/2026 05:21:14,login,51
u0038,2026-01-26T18:03:34,login,102
u0154,2026-02-22T17:32:16,unknown,108
u0186,2026-04-03T23:05:20,click,146
u0100,2026-03-26T06:15:52,view,57
u0067,2026-01-17T11:35:41,view,58
u0175,2026-01-27 09:45:38,view,612
u0169,01/18/2026 13:30:13,purchase,32
u0005,01/18/2026 02:02:29,purchase,23
u0193,2026-03-22 02:19:00,test,13
u0187,2026-03-02T13:00:27,purchase,0
u0009,2026-02-21T03:31:44,view,351
u0099,2026-01-09T12:05:39,click,99
u0041,2026-01-15T22:01:27,login,1343
u0134,2026-04-03T10:29:04.862,login,78
u0166,2026-02-23 02:34:52,click,184
u0093,2026-02-01T19:29:09,purchase,43
u0149,2026-04-02T09:05:50.582,test,
u0085,2026-03-28 00:24:18,view,58
u0058,2026-04-21 18:40:34,purchase,
u0089,2026-02-13 02:05:56,login,42
u0072,2026-04-18T15:06:39,purchase,50
u0070,2026-01-11T09:26:05,scroll,68
u0039,2026-01-02T00:28:27,login,92
u0019,2026-02-19T10:53:26,unknown,318
u0077,01/26/2026 00:34:36,login,144
u0050,2026-02-21T05:23:45,scroll,22
u0065,2026-01-29T07:48:31,purchase,12
u0175,2026-04-27T21:35:59,scroll,140
u0138,2026-03-14T01:47:42,view,-10
u0173,2026-01-06 07:58:07,view,13
u0086,2026-03-03T18:04:12.102,view,17
u0173,2026-03-19 04:03:30,purchase,216
u0111,2026-04-18T05:35:52.632,purchase,5
u0004,2026-03-02T00:24:45,login,132
,02/19/2026 20:12:54,scroll,59
u0069,01/14/2026 17:26:01,scroll,5
u0085,2026-04-19T19:38:45,click,-26
u0079,2026-03-24T03:28:24.228,click,52
u0172,03/30/2026 05:53:02,login,-12
u0123,2026-01-18T05:23:43,click,15
u0124,2026-04-21 00:30:29,purchase,69
u0103,01/16/2026 18:15:10,scroll,114
u0022,04/09/2026 07:18:34,purchase,32
u0149,2026-04-10T00:49:57,klick,62
u0062,04/06/2026 14:43:00,purchase,63
u0070,2026-02-09T07:55:48,click,102
u0012,2026-04-11T04:50:00,scroll,91
u0177,2026-01-23T22:52:27,view,282
u0156,2026-01-09 12:12:49,scroll,59
u0018,2026-03-19T00:39:41,purchase,-51
u0178,02/15/2026 08:35:11,scroll,55
u0056,01/08/2026 01:34:35,click,23
u0179,2026-02-02T04:59:57,login,107
u0002,2026-04-25T20:45:38,login,84
u0168,2026-02-15T15:58:39,purchase,8
u0008,2026-03-06T03:50:12.102,login,275
u0167,2026-04-12 03:57:09,view,94
u0080,2026-04-03 05:38:43,view,346
u0067,2026-02-28 06:58:20,view,100
u0145,2026-01-01T06:22:59,scroll,38
u0105,2026-01-31T11:11:18,purchase,76
u0137,2026-02-01 13:27:24,log_in,62
u0180,2026-01-18T17:24:08,click,42
u0179,2026-02-23T06:41:47,click,27
u0035,2026-03-15 17:28:23,purchase,
u0148,03/04/2026 11:10:38,login,160
u0123,2026-02-12 11:03:54,scroll,65
u0077,2026-01-07T12:37:58,login,4
u0054,2026-03-16T17:07:51.272,click,6
u0171,2026-04-22 22:58:09,purchase,16
u0195,2026-03-15T05:52:56,scroll,201
u0191,2026-04-07T21:25:36,scroll,49
u0106,02/24/2026 09:27:57,view,203
u0108,2026-02-01T07:19:30,purchase,75
u0137,2026-02-10T15:44:12,click,181
u0118,2026-01-19 12:34:24,purchase,273
u0069,2026-02-26T01:34:25,click,58
u0133,2026-04-10 13:03:00,purchase,140
u0133,2026-02-23T10:06:09,login,5
u0038,2026-02-06T11:09:37,login,200
u0074,2026-01-15T07:33:55,scroll,8
u0154,2026-04-06T13:17:23,login,129
u0065,01/01/2026 14:41:37,PURCHASE!,0
u0186,2026-02-26 11:20:45,purchase,50
u0043,2026-02-14T22:19:30.897,purchase,
u0190,03/26/2026 10:33:11,login,22
u0007,2026-02-20T16:11:03,login,331
u0110,2026-03-13 19:40:19,view,150
u0172,2026-02-28T03:30:43,click,18
u0023,03/21/2026 17:31:52,login,24
u0155,2026-01-01T04:48:17,scroll,5
u0127,01/24/2026 08:03:41,login,
u0154,2026-02-17T12:11:34,purchase,64
u0058,02/15/2026 15:13:40,login,278
u0090,2026-02-11T05:34:09,view,90
u0100,2026-03-11T10:17:21,click,11
u0153,04/06/2026 22:28:22,click,12
u0065,03/29/2026 23:05:30,scroll,31
u0188,2026-04-22T15:47:16,view,39
u0001,2026-03-08T03:07:27,view,0
u0167,02/24/2026 14:43:02,purchase,78
,2026-04-14T22:04:24,click,35
u0138,2026-02-17T03:37:42,scroll,14
u0059,2026-02-15T07:44:07,login,561
u0054,2026-04-18T20:16:21,purchase,31
u0102,2026-04-13T10:33:10,login,66
u0013,2026-03-31T17:31:52,purchase,87
u0082,01/25/2026 06:53:12,purchase,31
u0008,04/30/2026 04:17:42,scroll,24
u0142,2026-02-20T22:48:27,login,98
u0021,2026-04-03T01:26:58,login,26
u0186,2026-01-25T16:12:43,,85
u0168,04/03/2026 11:51:08,purchase,
u0174,2026-04-03T22:50:17.888,scroll,78
u0134,2026-01-14T12:30:01,scroll,1011
u0126,2026-03-08T18:13:09,view,125
u0180,2026-04-26T15:07:45,click,24
u0147,2026-02-07T09:32:15,login,497
u0153,2026-02-24T11:56:02,,95
u0117,2026-01-17 16:18:32,login,
u0133,2026-02-06 02:07:01,click,64
u0074,2026-01-19T17:48:34,login,28
u0059,2026-02-13 13:49:02,click,7
u0157,2026-04-14 11:41:30,click,106
u0138,01/30/2026 02:25:47,VIEW,10
u0092,2026-03-12T17:27:19.218,scroll,69
,2026-03-31T11:44:47,purchase,-44
u0095,2026-01-21T17:55:02,click,25
u0171,01/23/2026 19:04:50,scroll,92
u0184,2026-04-07 19:39:54,,23
u0137,01/26/2026 07:24:06,purchase,25
u0030,2026-02-14T17:37:36,purchase,201
u0081,01/22/2026 12:58:18,scroll,101
u0087,02/05/2026 04:36:40,scroll,-57
u0164,2026-03-25T17:02:34,login,19
u0182,2026-01-19T09:26:55.576,purchase,49
u0133,2026-04-06T03:42:56,login,101
u0097,01/10/2026 20:01:50,view,458
u0161,2026-01-20T17:18:52,klick,30
u0049,2026-01-29 14:31:19,login,16
u0135,2026-02-28 13:53:55,view,26
u0008,2026-03-29T00:10:46,login,80
u0100,,scroll,19
u0050,2026-04-08T12:49:55,click,118
u0040,2026-04-03T17:07:22,click,45
u0034,2026-03-09T15:23:43,PURCHASE!,10
u0187,2026-02-02T14:27:26,view,62
u0107,2026-02-03T08:35:58,purchase,129
u0053,2026-04-07T08:02:01,login,87
u0124,02/01/2026 10:41:01,log_in,58
u0047,04/07/2026 19:04:24,view,28
u0019,2026-03-17T13:20:55.378,click,74
u0107,2026-03-07T16:36:10,login,64
u0073,2026-02-19T00:05:52,purchase,82
u0171,2026-03-19T18:21:46,view,71
u0130,2026-01-01T11:26:21,scroll,23
u0060,2026-02-03 15:45:44,login,50
u0147,2026-04-18T00:46:55,view,153
u0137,2026-03-30T01:59:18,purchase,51
,04/22/2026 17:22:38,purchase,232
u0038,02/06/2026 08:25:34,view,46
u0184,2026-04-17T12:09:31,click,186
u0006,2026-02-22T18:34:15,click,31
u0067,2026-03-29T14:29:49,click,89
u0098,2026-02-01T20:42:28.079,login,36
u0104,2026-02-16T01:04:24,PURCHASE!,46
u0006,2026-04-30T18:59:28,click,66
u0156,2026-04-07T19:21:53.147,login,37
u0082,2026-04-16T01:27:46,PURCHASE!,31
u0121,2026-02-03T10:51:00,view,70
u0187,03/18/2026 02:32:14,scroll,-30
u0073,2026-03-03T00:30:04.906,click,69
u0194,2026-02-23T17:43:04,click,-4
u0009,2026-01-21 23:42:23,click,6
u0154,2026-02-06T02:18:10,purchase,43
u0014,2026-03-12T12:42:01.559,click,68
u0155,2026-03-14T22:21:21,login,33
u0086,2026-04-01 15:36:34,,41
u0179,2026-01-28 13:59:16,purchase,51
u0122,2026-03-06T21:09:55.171,login,104
u0142,2026-01-26T08:11:24,view,347
u0057,2026-01-17T02:33:57,login,41
u0034,2026-04-10T07:34:30,scroll,19
u0157,2026-02-03T03:28:41,view,0
u0102,2026-04-28T02:30:06,purchase,243
u0073,2026-04-26 07:17:18,login,41
u0077,2026-01-09 10:25:57,click,119
u0179,2026-02-08T21:41:00,purchase,373
u0133,01/02/2026 17:58:03,purchase,37
u0043,2026-03-09T00:05:57,scroll,92
u0080,03/26/2026 01:45:07,click,41
u0020,2026-01-13T17:57:40,view,72
u0051,04/04/2026 14:40:12,login,19
u0104,2026-02-03 01:13:39,scroll,179
u0171,2026-03-23T07:56:52,PURCHASE!,142
u0133,,click,37
u0143,03/10/2026 02:13:19,purchase,15
u0104,02/27/2026 02:28:01,view,122
u0009,2026-03-27T08:14:15,purchase,34
u0069,2026-01-13T15:31:29.401,click,48
u0009,2026-02-05 04:58:10,purchase,138
u0131,2026-03-26T06:16:08,purchase,-13
u0189,2026-01-02T12:55:17,login,-31
u0132,2026-01-03 10:49:04,scroll,24
u0011,2026-04-01T14:18:50,scroll,391
u0091,04/28/2026 08:35:32,purchase,42
u0184,2026-04-19 23:52:17,scroll,673
u0109,02/23/2026 15:43:59,purchase,50
u0055,2026-03-17T19:05:58,scroll,9
u0083,04/04/2026 14:21:36,scroll,187
u0166,04/02/2026 20:35:34,click,22
u0042,03/17/2026 04:18:22,view,18
u0001,2026-02-01T22:59:10,purchase,29
u0113,2026-04-13T20:14:45.555,click,124
u0132,2026-03-05T01:13:04,view,-49
u0063,2026-04-17 07:37:49,scroll,0
u0094,2026-01-20 12:36:24,purchase,15
u0139,2026-04-22T13:36:26,view,40
u0049,2026-04-22T11:17:48,login,95
u0196,2026-03-12 23:10:59,scroll,37
u0066,2026-03-03T08:09:10,view,33
u0137,2026-04-14 19:44:37,purchase,58
u0019,2026-03-08T05:13:56,view,213
u0036,,log_in,21
u0050,2026-04-21T01:16:48,login,50
u0109,2026-04-18T17:43:28,click,27
u0088,2026-01-27T01:19:21,scroll,0
u0119,2026-02-22T03:08:35,scroll,29
u0051,2026-04-02T02:42:43,purchase,
u0190,02/16/2026 19:20:49,login,20
u0060,2026-03-29T06:24:54,view,26
u0192,2026-03-23T17:58:01.702,scroll,-39
u0155,04/21/2026 00:32:39,click,152
u0036,2026-01-18T01:49:58,click,191
u0106,2026-02-21T17:07:57,click,38
u0179,2026-03-21 22:25:18,login,82
u0168,01/05/2026 09:11:15,view,104
u0168,2026-04-02 15:01:15,login,0
u0081,2026-02-24T03:55:47,log_in,11
u0081,2026-02-04 01:45:17,scroll,51
u0074,2026-02-04 15:07:00,view,16
u0100,2026-01-03 17:53:58,view,155
u0104,2026-03-24T04:22:18,scroll,66
u0108,2026-02-06T15:03:11,,63
u0159,01/06/2026 10:35:03,view,79
u0023,2026-03-17T12:09:25.236,click,59
u0085,02/12/2026 15:23:50,click,228
u0053,2026-03-30T01:23:23,purchase,72
u0009,04/22/2026 12:46:51,view,116
u0020,2026-02-28T22:01:19,purchase,-9
u0118,03/11/2026 12:23:20,login,0
u0114,2026-03-30 10:21:36,scroll,247
u0037,2026-04-10T11:49:19,PURCHASE!,0
u0187,2026-02-24T12:01:54,click,26
u0154,2026-03-24 22:18:25,klick,13
u0183,2026-03-30 04:43:27,purchase,113
u0095,2026-04-15T09:09:36,login,17
u0041,2026-03-03 22:28:52,klick,90
u0172,2026-03-04T00:14:58,click,79
u0199,2026-03-12T10:10:44.949,scroll,23
u0103,2026-02-06 05:14:19,click,195
u0064,,scroll,104
u0188,2026-03-21T21:05:24,login,159
u0146,2026-02-14T20:40:47,view,116
u0125,2026-04-01T05:48:11,login,48
u0011,2026-02-12T18:18:40.138,click,61
u0109,2026-04-12T02:49:32,view,152
u0155,2026-04-19 10:26:44,login,18
u0073,2026-03-17T15:11:50,purchase,81
u0115,2026-02-22T22:23:34.135,purchase,31
u0107,2026-01-06T13:03:43,login,462
u0102,2026-03-15T16:26:40,view,21
u0052,2026-04-09 07:32:40,scroll,44
u0045,2026-03-05T03:29:35,click,33
u0029,01/16/2026 12:58:42,login,37
u0199,2026-02-18T10:15:58.750,scroll,64
u0177,2026-03-29T18:28:12,VIEW,224
u0017,2026-01-25T19:44:21,scroll,37
u0001,2026-04-15T09:23:23,login,607
u0075,2026-04-19T22:59:16,scroll,17
u0029,2026-03-06T17:31:44,click,103
u0119,2026-04-20T21:04:55,purchase,43
u0194,2026-02-11T11:57:32,login,6
u0066,2026-02-19T01:03:03,login,23
u0075,2026-04-13T23:43:25,scroll,276
u0078,03/14/2026 22:28:56,purchase,35
u0041,2026-02-14T02:59:27,login,7
u0055,2026-01-18T14:11:00,click,97
u0148,2026-03-06 21:21:41,view,18
u0086,2026-03-11T16:43:20,purchase,133
u0166,2026-01-03T22:51:53,scroll,52
u0110,2026-01-01T21:34:25,scroll,168
u0170,2026-02-22T11:43:31,purchase,4
u0098,2026-01-25 06:06:01,view,36
u0182,2026-04-24T14:03:22,view,37
u0155,2026-03-04T01:05:09.063,login,220
u0012,04/15/2026 10:39:05,scroll,76
u0052,2026-01-02T02:18:40,purchase,8
u0133,2026-02-10T22:17:20,view,24
u0096,2026-03-31T15:38:44,login,327
u0013,2026-02-02 06:49:38,view,0
u0186,2026-03-30T21:44:25,purchase,30
u0076,04/27/2026 13:30:52,scroll,
,2026-03-29T06:52:32,click,28
u0043,2026-03-22T03:50:54,click,95
u0039,2026-02-20 07:34:59,scroll,9
u0045,2026-02-27 10:06:53,view,39
u0152,2026-04-13T03:51:41,click,12
u0139,2026-01-26T02:30:57,click,182
u0166,03/28/2026 00:52:27,scroll,0
u0045,2026-02-23 23:52:59,klick,58
u0133,01/28/2026 02:55:24,click,44
u0142,2026-03-17T10:22:16,scroll,202
u0006,03/29/2026 09:43:46,view,32
u0176,2026-01-08T05:39:54,scroll,59
u0052,2026-03-09T09:46:21,scroll,71
u0086,2026-03-31T06:29:56,click,14
u0110,2026-02-09T12:38:09,view,166
u0011,02/14/2026 23:04:15,view,-59
u0076,2026-03-15T07:05:46,scroll,24
u0068,2026-04-13T08:04:15.535,login,114
u0160,2026-04-15T06:51:04,click,-45
u0154,2026-01-24T22:23:19,purchase,92
u0004,2026-04-17T00:15:12,scroll,187
u0101,2026-01-09T15:30:22,click,40
u0080,2026-03-13T01:37:58,scroll,15
u0055,2026-01-22T15:57:23,click,62
u0057,02/03/2026 02:21:49,purchase,39
u0070,04/01/2026 13:27:17,test,61
u0193,2026-04-21T13:46:39,view,25
u0107,2026-01-26T10:24:21,PURCHASE!,86
u0055,2026-01-13 10:09:40,login,395
u0022,2026-01-24T04:53:25,login,-35
u0008,2026-03-09 04:07:50,scroll,36
u0063,03/21/2026 03:29:15,click,13
u0104,2026-02-26T18:08:14,scroll,82
u0121,2026-02-09T02:34:42,scroll,36
u0128,2026-04-13T21:52:34,view,139
u0154,2026-02-24T14:57:50,scroll,138
u0113,2026-02-12T04:27:00,view,56
u0024,2026-04-27T08:15:12,purchase,-34
u0013,2026-01-07T12:50:50,login,60
u0014,2026-02-20 14:24:30,VIEW,15
u0161,2026-02-22T11:40:17,scroll,52
u0096,2026-04-13T21:20:53,purchase,-20
u0196,2026-04-02 04:16:30,login,13
u0034,2026-04-10T17:02:19,,11
u0179,2026-04-26T22:39:02,view,21
u0176,2026-03-02T04:00:07,click,47
u0076,2026-04-07T05:38:37.888,purchase,67
u0002,2026-03-26T19:44:30,view,43
u0128,2026-01-09T18:10:20,view,204
u0002,2026-04-04T13:32:53,login,22
u0094,2026-02-17T01:23:08,purchase,22
u0010,04/29/2026 19:56:23,login,48
u0145,2026-03-23T14:17:27,view,35
u0178,2026-02-05T07:16:01,purchase,32
u0136,2026-03-16T21:00:55,click,36
u0174,2026-02-07T03:56:35,scroll,65
u0158,2026-04-18T23:12:46,click,0
u0092,02/08/2026 21:49:58,click,86
u0003,2026-02-15 07:15:03,view,13
u0031,2026-03-11T01:12:15,click,54
u0112,2026-04-26T14:33:39,purchase,52
u0174,2026-02-28T21:32:57,scroll,0
u0161,2026-03-19T12:34:49.414,scroll,17
u0020,2026-04-02T04:43:42,login,37
u0196,2026-04-18T03:44:23,login,116
u0005,2026-01-17 03:38:09,purchase,35
u0024,2026-01-23T18:08:41,click,-39
u0040,2026-02-28T11:33:02,view,64
u0178,2026-02-05T07:17:17,login,119
u0018,2026-04-24 19:36:24,scroll,13
u0126,2026-04-21T21:16:01.063,login,136
u0009,2026-04-10T12:26:35,click,378
u0130,2026-04-22 06:08:29,login,-45
u0059,2026-04-24T21:12:31,click,72
u0085,2026-03-26T19:22:31,VIEW,18
u0193,2026-04-12T10:49:07,purchase,15
u0082,2026-01-31T01:08:30,click,45
u0001,03/01/2026 02:39:44,,312
u0103,2026-02-24 20:30:22,click,74
u0001,2026-01-31T06:50:14,click,166
u0180,2026-01-11T03:02:59.602,click,98
u0003,2026-03-22T13:08:27.969,click,246
u0061,2026-03-14 18:10:03,click,293
u0010,2026-04-11 17:45:44,scroll,125
u0022,2026-03-10 05:47:55,scroll,24
u0166,2026-02-08T14:49:22,purchase,118
u0058,2026-04-02T12:40:34,scroll,74
u0180,2026-04-20T02:17:54,view,23
u0168,2026-02-17T11:43:23.632,view,0
u0038,2026-04-29T15:56:08,click,40
u0026,2026-04-20T15:48:04,click,50
u0086,2026-02-12T06:59:44,click,-18
u0047,2026-02-20 22:53:16,purchase,119
u0008,2026-01-20T17:57:43,purchase,180
u0184,2026-04-12 06:18:37,click,23
u0013,2026-01-23 07:38:46,scroll,48
u0056,2026-03-25 16:05:52,scroll,47
u0148,2026-02-24T23:02:36,purchase,57
u0095,2026-03-30 10:14:36,login,-19
u0083,2026-04-15T18:21:14,login,65
u0005,2026-04-22 01:51:15,view,21
u0138,2026-04-23T17:30:43.472,view,567
u0012,2026-03-25T12:03:06,login,-51
u0156,2026-04-27T02:23:29,view,10
u0032,01/29/2026 21:31:29,scroll,396
u0002,2026-02-06T19:29:09,view,65
u0022,2026-01-11 10:20:06,click,25
u0028,2026-02-18 15:49:45,scroll,159
u0076,02/27/2026 04:27:24,scroll,74
u0112,2026-04-30 12:45:40,purchase,
u0076,2026-02-19T21:30:59,click,62
u0157,2026-04-27 11:00:35,login,29
u0197,2026-02-09 18:59:08,view,
u0175,2026-04-05T08:56:51.059,view,10
u0016,02/26/2026 01:08:25,view,11
u0192,01/07/2026 07:46:43,click,35
u0191,01/18/2026 02:34:02,PURCHASE!,16
u0078,04/30/2026 12:09:34,purchase,110
u0113,2026-01-14T15:12:05.130,login,34
u0190,01/17/2026 02:28:46,scroll,38
u0059,2026-04-30T23:42:36,click,58
u0062,02/17/2026 20:00:45,purchase,54
u0129,2026-04-04T20:50:07.771,scroll,122
u0152,03/10/2026 07:10:00,view,246
u0072,2026-04-27T01:58:44,login,14
u0010,04/17/2026 03:16:05,unknown,22
u0077,2026-03-21T19:00:51,view,33
u0005,2026-01-13T18:23:37,click,18
u0110,2026-03-09T23:26:24,test,30
u0092,2026-01-29T10:01:49,login,181
u0196,2026-02-20T12:57:43,purchase,188
u0057,2026-01-23 15:05:44,scroll,169
u0169,2026-03-14T12:59:33,purchase,26
,2026-01-06T08:19:50,purchase,
u0111,2026-04-21T08:29:32,click,117
u0133,2026-03-09T13:54:55,purchase,14
u0016,04/16/2026 10:52:43,test,22
u0033,2026-02-27T19:36:38,scroll,58
u0065,2026-04-19 12:58:22,view,94
u0011,,login,29
u0151,2026-02-11T19:39:35,scroll,8
u0130,2026-04-18T16:45:13,click,77
u0182,2026-04-04T18:43:30.716,purchase,67
u0030,04/11/2026 08:22:53,scroll,145
u0092,2026-04-26T15:20:31,view,14
u0071,2026-01-27T04:27:30,login,302
u0037,2026-02-01 18:52:58,buy,35
u0069,2026-04-16T11:06:24.234,click,126
u0084,2026-02-26T12:08:57,unknown,247
u0162,01/07/2026 14:20:56,purchase,-60
u0010,2026-04-02T05:18:17,login,47
u0001,03/18/2026 06:17:39,view,23
u0087,2026-03-08T08:58:36,purchase,0
u0058,2026-04-12T05:21:55,scroll,82
u0004,2026-04-28T04:41:46,view,160
u0173,2026-02-21T13:16:14,,0
u0010,2026-03-13T02:12:28.176,login,66
u0148,04/17/2026 06:13:23,view,-46
u0037,03/25/2026 23:19:22,scroll,47
u0096,2026-04-12T17:19:09,login,43
u0048,04/22/2026 17:45:15,purchase,117
u0175,2026-04-23 22:44:49,purchase,12
u0114,03/11/2026 22:03:17,login,121
u0035,01/14/2026 17:44:38,login,112
u0133,2026-02-05T23:34:16,klick,34
u0014,,click,18
u0025,2026-01-13 06:05:40,login,10
u0063,2026-03-08 01:08:31,login,21
u0190,2026-01-24T06:21:30,scroll,-27
u0099,2026-04-07 02:06:29,login,31
u0112,01/23/2026 09:13:12,login,187
u0062,2026-03-30 14:14:11,purchase,-23
u0111,2026-04-02 02:20:56,click,71
u0113,2026-04-01T03:39:53,login,190
u0158,2026-01-01T19:27:26,login,78
u0021,2026-01-11 05:08:27,view,0
u0161,04/13/2026 15:32:38,purchase,139
u0130,2026-01-19T18:01:49.378,click,8
u0087,2026-04-18T21:56:19.358,purchase,57
u0029,2026-04-19T06:30:37,scroll,132
u0099,2026-01-16T22:01:11.559,view,0
u0053,2026-04-20 05:26:28,view,28
u0137,01/12/2026 20:30:45,buy,20
u0036,2026-01-07T06:24:50,click,80
u0189,2026-03-10T14:30:50,purchase,10
u0156,2026-03-18T20:45:55,click,82
u0175,2026-01-28T14:30:16,view,18
u0184,01/05/2026 16:18:53,view,26
u0065,2026-01-04T13:04:37,PURCHASE!,145
u0070,2026-01-22T00:55:53,view,20
u0015,2026-02-12T18:59:00,login,12
u0055,2026-04-22T22:21:04.175,click,63
u0109,2026-04-05 22:04:34,click,
u0166,,scroll,79
u0027,2026-01-14 22:40:06,scroll,41
u0094,01/01/2026 03:50:45,login,204
u0035,2026-03-28T08:47:19,login,94
u0085,2026-04-08T04:56:04,click,115
u0039,2026-01-06T13:19:38,click,42
u0119,2026-04-18T14:56:50.151,click,22
u0200,2026-04-22T18:39:04,click,431
u0136,2026-04-08T13:00:34,purchase,145
u0177,,scroll,1034
u0134,2026-01-13T19:14:19.403,purchase,26
u0170,2026-02-23T06:25:32,scroll,118
u0017,2026-03-25T11:08:16,purchase,55
u0006,04/21/2026 00:47:08,scroll,-15
u0057,2026-04-24 09:56:56,login,155
u0062,2026-01-24 11:39:27,login,52
u0012,2026-04-09 19:35:45,purchase,44
,,purchase,30
u0013,04/01/2026 16:30:19,view,81
u0141,2026-04-10T11:22:20,view,22
u0135,2026-04-09T18:02:31,view,204
u0168,2026-02-16T00:10:13,log_in,93
u0079,2026-04-05T11:34:05.236,view,21
u0190,,,144
u0150,02/06/2026 18:24:03,login,13
u0086,2026-04-27T01:10:20,scroll,59
u0094,2026-02-26T05:39:48,scroll,25
u0014,2026-04-14 23:32:18,view,13
u0199,01/24/2026 13:34:26,click,83
u0160,2026-03-11T02:48:10,scroll,43
u0040,2026-01-04T00:41:44,purchase,17
u0088,2026-02-13T20:16:23,click,56
u0070,2026-01-28T23:48:53,purchase,50
u0055,2026-04-02T10:09:20,login,11
u0182,01/09/2026 11:48:43,scroll,0
u0123,01/13/2026 16:43:59,view,67
u0068,2026-03-29T16:45:03,login,33
u0198,2026-01-13T00:17:28,login,70
u0088,2026-03-04T00:23:52,buy,22
u0166,2026-03-30T23:23:25,click,35
u0198,2026-04-07T15:43:41,view,55
u0125,2026-02-14T01:20:16.663,login,129
u0149,01/12/2026 13:08:45,,29
u0053,2026-02-16T10:40:54,purchase,58
u0024,01/16/2026 11:34:59,login,122
u0145,2026-02-17T22:52:06,click,-42
u0098,2026-01-07T07:39:53,purchase,151
u0029,2026-04-27 07:17:59,scroll,51
u0026,2026-04-03T23:56:15.354,purchase,177
u0103,2026-02-24T10:02:47.793,login,
u0167,2026-01-23T09:20:29,click,24
u0169,03/12/2026 13:10:47,login,14
u0040,02/24/2026 00:49:38,view,86
u0105,2026-03-14T13:52:20,view,22
u0118,2026-01-31T13:12:20,login,104
u0189,2026-04-05T18:32:57,login,49
u0076,2026-04-02T19:37:23,purchase,0
u0039,2026-02-26T23:06:10,click,31
u0131,2026-01-15T10:07:44,click,
u0055,2026-03-05 11:05:58,purchase,138
u0114,04/23/2026 04:45:13,purchase,21
u0068,2026-02-25T10:52:41,scroll,92
u0185,2026-02-03T13:24:59,click,11
u0131,2026-04-30T23:03:40,purchase,46
u0116,2026-02-05T02:55:55,view,43
u0037,2026-03-07 22:50:27,purchase,23
u0017,2026-04-10T08:23:19,purchase,57
u0160,2026-01-20T03:05:26,scroll,304
u0065,2026-03-29 07:33:55,login,42
u0176,2026-02-25 13:40:41,view,99
u0072,2026-01-05T17:54:55,click,14
u0161,2026-01-09T05:34:59,click,123
u0124,03/28/2026 10:35:53,login,26
u0128,2026-04-26T09:35:59,view,62
u0173,2026-02-15 04:44:48,view,17
u0113,03/10/2026 06:43:30,purchase,117
u0111,01/29/2026 05:42:19,test,58
u0129,2026-02-18 07:58:40,login,67
u0179,2026-02-20T21:27:53.613,purchase,7
u0135,03/17/2026 07:33:36,purchase,63
u0025,2026-02-22T09:09:22.024,view,70
u0186,2026-01-18T07:29:22,click,12
u0165,2026-03-24T05:10:06,view,0
u0196,2026-04-22 09:39:14,click,13
u0176,2026-03-03T01:47:22,purchase,66
u0157,2026-01-16 14:05:45,scroll,-44
u0097,2026-03-02 18:55:29,login,23
u0116,03/07/2026 11:13:40,scroll,52
u0050,2026-04-10T01:05:09,login,83
u0063,2026-02-16T00:00:37,klick,64
u0049,2026-02-07T18:39:35,click,166
u0061,2026-01-27 17:03:01,view,54
u0045,2026-04-07T12:15:22,scroll,38
u0093,2026-02-03T16:45:16,scroll,
u0026,2026-01-27T06:37:17,click,-15
u0009,2026-02-04T20:46:38,click,40
u0027,2026-02-09 19:47:01,view,61
u0177,2026-01-16T07:16:58,click,236
u0154,03/08/2026 21:33:27,PURCHASE!,98
u0178,2026-01-05T07:11:26.415,purchase,15
u0196,2026-03-16 11:40:58,click,97
u0180,2026-01-16T09:41:03,click,0
u0159,2026-03-21 03:05:30,click,207
u0151,2026-03-08 23:22:38,login,60
u0164,2026-04-10T23:03:51.351,login,95
u0126,,view,320
u0049,2026-01-30 21:17:45,scroll,13
u0002,2026-02-14 12:40:43,purchase,26
u0174,01/27/2026 08:45:57,purchase,41
u0005,2026-02-23T05:55:38,scroll,-12
u0132,2026-03-14T20:58:04,login,31
u0041,2026-03-28T02:59:31,scroll,139
u0176,2026-03-03T02:20:25,scroll,244
u0135,2026-01-21T05:09:08,click,9
u0031,2026-02-07T00:13:27,click,111
u0148,2026-04-10T21:43:31.028,click,31
u0170,2026-03-11 07:24:25,click,447
u0070,02/23/2026 21:42:24,unknown,99
u0168,02/04/2026 06:29:38,click,62
u0014,2026-01-20T10:52:02,purchase,57
u0187,2026-03-22T06:38:34,scroll,77
u0159,2026-02-01T01:40:52,login,39
u0169,2026-01-08T18:00:18,click,17
u0168,2026-01-04 01:23:33,klick,76
u0092,2026-04-25 17:53:06,scroll,9
u0115,02/06/2026 04:12:59,login,169
u0028,2026-01-24T10:54:00,login,51
u0005,2026-01-13 21:06:19,click,11
u0190,2026-02-13T03:53:46,login,268
u0110,2026-04-17T17:19:09,purchase,80
u0192,2026-01-23T05:19:39,purchase,37
u0173,2026-03-22T07:05:12,login,17
u0036,2026-02-04T13:53:50,login,4
u0001,2026-02-20T21:00:54.300,purchase,78
u0027,2026-04-29T06:12:09,scroll,60
u0141,2026-02-09T18:48:23,login,53
u0003,2026-04-16T13:48:21,,28
u0041,2026-02-25T14:07:09,scroll,
u0085,04/21/2026 21:24:08,click,128
u0116,2026-02-14T03:56:03,view,64
u0147,2026-04-11T07:58:40.375,click,18
u0118,04/19/2026 20:16:28,view,12
u0048,2026-04-10T19:31:06,click,405
u0034,2026-03-21T22:58:55.305,view,
u0014,01/04/2026 20:42:27,scroll,41
u0199,2026-04-06 19:52:09,scroll,
u0134,2026-02-22 06:33:24,view,9
u0012,2026-04-09T03:21:37,purchase,221
u0056,03/08/2026 03:12:01,view,24
u0163,2026-03-07 16:23:33,view,97
u0163,2026-04-05T01:50:08,unknown,31
u0010,02/22/2026 09:38:07,click,9
u0096,2026-01-21 10:26:40,click,21
u0099,2026-01-25T18:21:26,click,42
u0145,01/28/2026 22:51:14,click,30
u0125,2026-03-29T01:15:31,click,11
u0013,2026-03-15T14:34:12,view,157
u0106,04/22/2026 21:13:50,click,840
u0133,2026-01-10 15:52:13,login,56
u0196,04/28/2026 01:05:30,login,128
u0124,03/01/2026 02:40:23,purchase,145
u0091,2026-01-26T05:37:01.279,purchase,56
u0195,2026-02-04 02:15:33,login,75
u0056,2026-02-05T19:37:32,log_in,160
u0173,2026-01-05T02:57:13,login,43
u0187,03/30/2026 16:18:08,login,5
u0177,2026-03-23T18:14:49,scroll,69
u0123,2026-03-31T04:52:41.985,click,12
u0151,2026-02-11 21:24:26,scroll,45
u0187,2026-02-09T07:47:45,login,39
u0024,2026-03-26T23:09:44,purchase,1511
u0031,2026-02-01T09:25:59,purchase,45
u0141,2026-03-17T11:37:18.582,purchase,56
u0036,,click,51
u0151,2026-01-02T17:15:51,purchase,20
u0091,2026-02-16T06:47:23,view,252
u0174,2026-04-06T05:34:48,purchase,53
u0044,2026-04-02T04:40:12,click,64
u0102,2026-02-03T06:58:10,scroll,73
u0028,2026-03-19 09:47:09,view,91
u0132,2026-03-18T05:02:36,click,15
u0085,2026-03-01 07:21:57,purchase,19
u0060,2026-01-22T12:46:58,click,15
u0172,2026-04-09T11:00:18,login,19
u0019,2026-03-18T09:47:26,login,61
u0080,2026-03-27T20:18:51.930,scroll,148
u0156,2026-04-01T18:39:10,view,81
u0106,2026-01-08T18:00:37,login,147
u0009,2026-04-13T12:41:51,view,131
u0196,2026-02-13T17:35:45,view,31
u0084,2026-04-12T08:31:09,view,17
u0143,2026-03-01T12:48:00,login,82
u0138,2026-04-24 23:52:32,login,106
u0194,02/13/2026 21:38:11,click,266
u0083,2026-02-10T12:30:12,login,44
u0105,04/25/2026 00:23:03,purchase,40
u0035,2026-02-14 00:50:11,purchase,80
u0126,2026-04-08T22:20:17.472,click,341
u0122,02/01/2026 22:22:52,login,23
u0070,2026-01-01T01:27:06,view,198
u0159,2026-01-17T15:58:29,scroll,180
u0156,2026-02-10T08:29:30,purchase,26
u0137,2026-02-13T17:10:49,purchase,69
u0028,2026-02-09 07:51:55,purchase,29
u0092,2026-01-12 14:56:16,login,44
u0006,04/27/2026 03:42:01,VIEW,75
u0040,2026-03-15 12:23:11,scroll,101
u0134,2026-04-20T04:59:36,,18
u0075,01/31/2026 19:04:25,log_in,18
u0049,2026-03-06 11:47:26,scroll,62
u0122,2026-02-06T23:27:53.753,purchase,230
u0192,2026-02-27T03:21:49.833,login,114
u0037,2026-03-20T08:21:24,click,151
u0116,2026-02-17 15:19:05,purchase,63
u0056,04/06/2026 10:29:30,click,171
u0123,2026-04-06 21:55:33,login,26
u0150,2026-04-13 10:59:39,purchase,38
u0050,2026-01-23T07:51:16,click,4
u0127,2026-03-02T22:46:56,purchase,204
u0018,2026-04-06T12:03:03,scroll,15
u0120,2026-04-07T13:29:36,purchase,45
u0174,01/09/2026 14:56:05,login,52
u0101,2026-03-04 03:06:14,scroll,88
u0117,01/10/2026 12:49:25,purchase,187
u0032,2026-01-20T05:54:36,scroll,16
u0054,2026-04-01T04:26:11,login,73
u0171,2026-03-12T17:06:21,scroll,5
u0004,2026-02-07 11:52:58,login,75
u0167,2026-01-03T03:31:29,scroll,
u0034,2026-04-03 07:52:24,login,34
u0103,2026-02-06T22:54:26,view,25
u0033,2026-02-25T10:11:08.611,login,219
u0048,2026-04-05T06:36:45,login,0
u0008,2026-02-15 18:16:28,view,23
u0182,2026-04-11T04:28:45,view,-18
u0124,04/30/2026 13:22:58,login,89
u0113,2026-01-05T12:18:29,view,20
u0127,2026-03-08T06:54:56,login,-3
u0120,2026-02-17 06:52:31,scroll,-5
u0048,2026-03-16 19:04:25,purchase,4
u0168,2026-01-16 22:34:53,login,88
u0030,2026-02-22T07:26:48,purchase,18
u0132,2026-04-02T10:07:27,purchase,28
u0140,01/07/2026 21:16:47,view,49
u0139,2026-02-27T15:00:13,view,19
u0062,2026-04-28T04:43:11,login,183
u0006,2026-03-06T05:21:00,VIEW,76
u0014,2026-03-20T04:33:13,login,28
u0119,2026-02-12T09:46:21.639,purchase,9
u0064,2026-01-30T11:49:44,login,21
u0146,04/26/2026 05:24:42,view,59
u0178,2026-02-03T10:51:03.044,view,26
u0135,2026-04-29 16:15:00,click,86
u0010,2026-04-30T22:50:18.975,login,337
u0187,2026-02-19T06:53:38,login,11
u0123,2026-01-15T17:25:11,click,9
u0177,2026-04-01T09:56:10,scroll,30
u0080,2026-03-23T02:43:43.972,scroll,72
u0109,01/06/2026 05:16:15,view,90
u0011,2026-01-05 10:48:35,purchase,21
u0122,2026-01-14T21:21:44,view,242
u0058,2026-03-24 13:46:07,purchase,4
u0172,2026-03-16T21:22:48,purchase,48
u0019,2026-01-31T11:51:33,PURCHASE!,18
u0070,2026-02-09T17:54:32,scroll,205
u0099,01/27/2026 22:16:16,click,113
u0180,02/25/2026 15:57:36,test,11
u0196,2026-02-01 20:42:38,view,47
u0117,2026-02-17 06:07:35,view,9
u0010,2026-02-09 01:31:16,scroll,331
u0165,2026-02-25T19:39:24,click,71
u0051,2026-04-28 08:36:48,VIEW,11
u0069,03/24/2026 10:16:39,login,389
u0173,2026-02-12T08:57:05,,149
u0168,2026-02-06 00:59:47,purchase,31
u0105,2026-02-02T03:37:17,login,212
u0121,02/03/2026 21:25:31,scroll,-54
u0055,2026-03-26T03:55:21,login,169
u0115,2026-04-09T13:23:05,scroll,88
u0112,2026-02-13 08:59:42,scroll,114
u0074,2026-04-19T16:54:05,login,205
u0044,2026-02-05 10:28:50,click,-31
u0038,2026-01-06T00:07:36,purchase,0
u0162,2026-03-29T23:15:33.651,login,22
u0070,2026-03-01T20:24:30,scroll,8
u0167,2026-02-06T07:31:44,purchase,21
u0122,2026-04-02T07:35:17,view,8
u0192,2026-03-19T13:07:43,click,111
u0154,2026-03-03 04:34:41,login,-23
u0075,2026-02-10T14:34:55,login,40
u0020,2026-04-13T14:04:49,buy,60
u0081,2026-02-23T02:49:51,view,25
u0130,2026-03-02T14:10:06,scroll,19
u0077,2026-04-29T02:54:43,scroll,104
u0029,,view,84
u0188,2026-03-14T12:20:22,view,52
u0004,2026-03-22T00:08:10,click,56
u0197,2026-04-15 19:21:01,PURCHASE!,52
u0007,2026-01-20 05:26:06,login,42
u0039,2026-02-05T10:12:43,login,34
u0126,2026-03-26 09:03:03,click,199
u0139,2026-03-10T15:53:36,click,37
u0170,2026-02-17 07:10:25,buy,81
u0159,2026-01-04 07:55:50,click,118
u0154,02/18/2026 21:10:29,purchase,299
u0017,2026-02-08 18:00:18,scroll,107
u0148,2026-01-12 01:04:44,purchase,292
u0132,2026-01-20T14:21:39,scroll,189
u0119,,scroll,21
u0057,,purchase,68
u0063,2026-01-22T16:05:17,view,242
u0030,2026-03-06T03:19:08,click,32
u0198,2026-03-17T13:14:07,scroll,20
u0052,2026-04-08T16:30:03,scroll,82
u0047,2026-03-16 17:09:38,login,219
u0094,2026-02-20T17:35:36,view,15
u0054,2026-01-27T12:52:52,,151
u0067,01/18/2026 12:35:18,purchase,13
u0158,2026-04-02T20:35:53,purchase,202
u0099,03/06/2026 21:17:23,view,264
u0105,2026-04-17T19:03:48,purchase,43
u0172,2026-02-11T04:02:28,login,16
u0163,2026-04-02 04:13:48,scroll,240
u0154,2026-02-05 02:18:37,click,-29
u0085,2026-02-14T02:56:02,scroll,24
u0100,02/23/2026 10:23:48,purchase,12
u0075,2026-04-14T08:38:41,login,12
u0057,2026-02-02T13:15:31,scroll,0
u0122,2026-02-09T19:10:35,login,117
u0116,2026-03-12T01:44:22,scroll,40
u0014,2026-01-14T12:22:58,login,27
u0049,2026-04-01T03:54:51,scroll,264
u0085,2026-01-13T16:03:02,purchase,36
u0060,04/18/2026 04:28:42,click,117
u0135,2026-03-17T04:46:42,login,23
u0005,02/19/2026 13:43:05,purchase,114
u0024,2026-02-22 08:33:09,scroll,60
u0074,2026-02-09T05:47:03,view,61
u0018,2026-02-03T15:12:00.673,scroll,23
u0115,2026-02-18T09:58:04,purchase,65
u0146,2026-01-06T21:25:20,login,32
u0079,2026-04-17 05:03:28,click,44
u0029,2026-02-02T17:29:44,view,72
u0001,2026-04-04T09:44:49,scroll,107
u0197,2026-04-10T17:22:57,click,35
u0200,2026-02-05T09:49:31,click,85
u0198,2026-03-23 19:44:07,scroll,15
u0143,2026-04-21 09:54:12,login,30
u0187,2026-02-06T11:55:17,view,115
u0028,2026-02-16T18:03:37,view,-6
u0194,2026-01-20T19:14:47.105,click,54
u0073,2026-04-16T00:20:07,login,31
u0161,2026-02-27 15:04:11,click,37
u0055,2026-03-31T03:57:46,purchase,67
u0014,2026-02-14T00:46:10,click,279
u0167,2026-03-22T19:45:30.814,click,36
u0169,2026-04-19T16:34:36,login,25
u0131,2026-04-19 16:16:30,scroll,19
u0015,2026-02-11T05:28:15,click,297
u0060,2026-02-01T10:31:30,test,14
u0092,02/11/2026 02:18:53,purchase,
u0111,2026-01-08 00:47:44,purchase,29
u0022,2026-01-01T06:47:49,click,186
u0047,04/06/2026 02:04:42,login,35
u0190,2026-01-20T08:04:47,view,90
u0183,2026-02-23T02:59:10.669,scroll,88
u0043,2026-04-16T18:53:45,view,62
u0145,2026-02-12T21:02:24,view,180
u0077,2026-01-20T21:02:08,login,45
u0102,2026-02-13T09:22:13,login,33
u0170,2026-04-05T02:53:17,scroll,
u0078,02/28/2026 06:41:35,click,7
u0144,2026-04-22T08:22:21,purchase,84
u0064,2026-04-17T09:33:48,scroll,73
u0119,2026-03-24T19:46:37,click,21
u0136,2026-02-21T03:53:32,login,-44
u0136,2026-04-05T02:56:23.634,purchase,101
u0070,2026-02-26T14:19:24,scroll,743
u0014,2026-02-16T12:47:55,login,45
u0155,2026-02-13T13:07:51,scroll,50
u0074,2026-04-22 03:07:19,click,94
u0159,2026-02-18T01:07:04.586,login,56
u0146,2026-02-24T12:30:45,login,6
u0141,03/06/2026 21:20:24,view,162
u0111,2026-03-17T22:07:13,view,97
u0078,2026-01-02T20:18:50,login,100
u0001,2026-03-23T00:30:43,buy,-13
u0166,2026-04-08T12:14:55,purchase,92
u0189,2026-03-04T07:58:28,view,84
u0008,2026-03-18T05:06:48,VIEW,0
u0086,2026-01-07T00:34:44,login,19
u0033,2026-04-23T08:12:53,purchase,40
u0099,01/09/2026 18:38:18,,84
u0003,2026-03-05T06:17:29,view,50
u0130,01/13/2026 23:56:17,view,102
u0090,2026-01-04 20:15:52,view,26
u0076,2026-04-06T16:01:25,buy,9
u0170,2026-02-01T15:13:00,test,59
u0193,2026-01-15 22:09:06,click,79
u0188,2026-03-07T20:18:49,view,38
u0180,2026-03-10T15:18:54,scroll,35
u0171,2026-04-30 13:05:44,purchase,20
u0059,2026-01-16 23:13:49,purchase,66
u0173,2026-03-23T16:57:46,purchase,17
u0065,2026-04-08 20:13:32,scroll,106
u0149,2026-02-01 17:42:55,scroll,19
u0122,2026-01-26T20:08:35,login,111
u0179,2026-03-16 04:33:15,view,-35
u0176,2026-01-10 00:25:23,click,102
u0068,02/10/2026 02:42:24,click,151
u0076,2026-01-15T13:37:11,click,16
u0130,01/24/2026 23:21:33,,62
u0123,2026-02-04T13:31:42,view,108
u0065,04/03/2026 13:30:32,click,29
u0166,2026-01-05T23:25:05,,176
u0048,2026-01-18T08:40:49.864,purchase,72
u0158,2026-03-28T15:24:41,view,379
u0018,2026-01-21T20:50:03,login,85
u0034,2026-02-11T10:09:21,login,85
u0155,2026-04-24 14:31:29,login,
u0185,2026-02-03T17:00:42.038,PURCHASE!,40
u0010,02/01/2026 05:42:34,view,133
u0179,03/06/2026 12:41:26,view,20
u0040,2026-04-06T13:23:10.477,PURCHASE!,0
u0030,2026-04-30T21:25:51.689,scroll,19
u0041,2026-02-27T19:45:21,scroll,20
u0045,2026-03-06T22:26:11,purchase,280
u0160,2026-01-28T07:42:34,purchase,60
u0200,2026-03-15T03:14:20,view,60
u0022,04/14/2026 12:21:17,click,0
u0071,2026-04-09T02:46:19,click,32
u0060,2026-04-23T00:51:18,purchase,333
u0073,2026-01-21T14:42:36,purchase,113
u0180,2026-03-10T18:37:07,purchase,109
u0017,02/14/2026 13:56:42,purchase,61
u0025,2026-04-12 13:28:29,click,40
u0053,2026-02-25 18:56:14,login,40
u0031,2026-02-13 02:29:58,login,168
u0103,2026-02-12T15:59:17,login,131
u0042,2026-01-21T20:23:55,scroll,674
u0011,2026-02-17 14:43:49,purchase,91
,2026-01-03 20:36:14,login,50
u0121,2026-03-01T20:14:24,,32
u0075,2026-02-10T19:51:11,login,119
u0188,2026-01-28T22:53:35,login,58
u0196,2026-03-23T05:32:50.976,click,173
u0117,2026-04-15T10:10:57,scroll,51
u0056,2026-04-22 17:24:59,click,60
u0004,2026-03-22 04:26:35,login,3
u0056,01/23/2026 10:03:18,view,77
u0011,2026-03-08 01:02:13,click,43
u0122,2026-03-09T21:22:25,VIEW,28
u0163,2026-03-02T00:49:04.803,login,42
u0027,2026-02-28 21:58:10,click,162
u0121,2026-03-22T07:00:10,click,214
u0072,2026-01-16T05:25:15,view,121
u0138,2026-04-29T17:28:25,purchase,-40
u0101,2026-02-02T12:30:32.967,login,117
u0165,2026-03-22T20:00:29,click,59
u0041,2026-04-29 18:36:36,login,73
u0189,2026-01-21T07:09:01,VIEW,-30
u0099,02/19/2026 05:27:16,test,71
u0016,2026-04-06 01:45:46,click,234
u0109,2026-02-10 21:21:59,click,0
u0132,2026-03-15T01:20:28,purchase,57
u0170,2026-04-08T16:06:45,click,34
u0091,2026-03-23T11:42:46,click,36
u0120,02/01/2026 09:42:54,scroll,12
u0006,2026-03-07T20:08:51,login,91
u0099,2026-04-17T12:01:10,view,39
u0006,2026-01-15 13:28:04,login,5
u0001,2026-04-20 16:48:17,login,63
u0125,02/25/2026 20:50:57,login,48
u0092,,scroll,228
u0052,02/12/2026 12:52:47,scroll,51
u0077,2026-01-04T08:19:01,login,32
u0102,02/01/2026 23:14:43,view,29
u0014,2026-01-07T11:29:28,scroll,47
u0082,2026-03-16T19:22:34,login,33
u0143,2026-02-24T05:50:30,login,-58
u0064,2026-01-07 08:21:32,click,125
u0063,2026-03-27T11:12:29.483,purchase,98
u0085,2026-04-09T10:24:39,view,13
u0072,2026-01-09T23:44:29,click,112
u0131,2026-04-04T00:52:56.622,click,37
u0162,2026-01-05 06:43:37,login,96
u0199,2026-04-13T16:58:09,click,33
u0125,2026-04-23T11:16:10,view,40
u0187,2026-01-24T15:46:19,purchase,471
u0076,01/14/2026 00:20:21,test,7
u0176,,click,88
u0031,2026-04-11T11:12:34,view,184
u0055,2026-03-05T05:10:02,login,20
u0149,2026-04-29T22:37:53,scroll,37
u0129,2026-01-14T04:54:12,log_in,64
u0157,2026-01-14T15:59:21,purchase,27
u0126,2026-04-03T17:13:30,scroll,19
u0033,2026-01-28T23:47:39,click,0
u0199,2026-02-03T17:29:52,view,139
u0079,2026-04-25 12:31:02,click,38
u0057,01/23/2026 07:28:41,click,214
u0146,2026-01-15 02:16:29,purchase,22
u0020,2026-03-08T18:17:32,login,0
u0071,2026-04-20T16:39:55,purchase,43
u0003,01/16/2026 23:15:10,click,57
u0121,2026-03-21T15:27:23,purchase,35
u0098,2026-01-02 00:58:26,scroll,574
u0035,2026-03-13T22:31:31.506,view,42
u0025,2026-03-08 16:53:11,purchase,14
u0017,2026-03-21T17:22:16,click,31
u0176,2026-04-22 05:11:53,click,25
u0055,2026-02-14T10:52:10,view,81
u0066,2026-03-22T01:09:51,click,16
u0043,2026-01-06T22:53:40,scroll,135
u0054,2026-02-28T21:14:32.091,purchase,54
u0169,2026-04-16T05:45:38,login,38
u0080,2026-02-09T05:48:37,login,208
u0017,01/03/2026 04:29:04,purchase,17
u0164,2026-02-21T18:20:11,purchase,37
u0072,2026-01-07T19:21:09,view,-25
u0001,2026-04-10T02:47:05,purchase,154
u0024,,click,33
u0038,2026-04-17T18:28:36,login,53
u0021,2026-01-29T01:59:49.743,log_in,131
u0027,2026-03-16T06:44:25,log_in,21
u0039,2026-02-03T02:50:19,click,33
u0173,2026-03-13T18:04:50,click,37
u0154,2026-03-18 16:47:18,scroll,45
u0178,04/16/2026 16:08:55,view,22
u0054,2026-04-28T08:13:52,purchase,9
u0081,2026-02-02 21:49:45,login,170
u0132,2026-02-14T10:25:06.942,purchase,30
u0088,04/04/2026 09:39:21,purchase,89
u0059,2026-03-20T21:43:04.365,purchase,316
u0061,2026-04-22 15:13:40,scroll,45
u0078,2026-04-20T22:19:49,click,88
u0095,2026-02-03 13:19:52,purchase,14
u0102,2026-02-28T18:05:38,scroll,210
u0032,2026-02-21T19:12:31,scroll,378
u0033,2026-04-02T00:34:46,click,12
u0088,2026-03-26T20:13:44,click,83
u0034,2026-01-20T23:02:26,login,163
u0049,02/14/2026 21:50:51,click,67
u0115,2026-01-26 20:47:48,scroll,47
u0146,2026-04-14T14:35:22,test,310
u0069,2026-04-05 03:14:17,click,52
u0046,2026-02-05T21:56:04.755,purchase,50
u0083,2026-02-25T11:45:39,scroll,46
u0183,2026-03-06 00:26:02,login,17
u0123,2026-03-24T22:14:11,click,69
u0077,2026-04-30T13:04:15,PURCHASE!,51
u0097,01/08/2026 22:16:47,view,99
u0096,2026-04-02 21:57:50,scroll,86
u0025,2026-02-28T23:50:19.528,view,15
u0103,2026-04-05 14:26:44,purchase,80
u0065,2026-03-29T04:49:32,scroll,40
,03/27/2026 05:21:15,click,37
u0084,2026-01-21T09:47:19,click,14
u0063,2026-01-12T07:44:51.970,view,113
u0133,2026-01-18T19:07:38,login,272
u0047,2026-03-06T00:41:38.281,login,69
u0117,2026-01-25T07:11:50,scroll,44
u0136,2026-02-06 21:11:58,view,33
u0082,03/14/2026 03:41:57,view,200
u0055,2026-03-20T20:41:14,view,95
u0031,2026-01-28T17:01:13,test,17
u0144,04/05/2026 11:41:48,click,93
u0060,2026-03-24T13:32:41,view,117
,2026-02-19T18:31:54,click,-46
u0062,2026-03-22T20:42:26,click,225
u0189,2026-04-09 11:57:31,login,65
u0027,2026-02-27T20:01:46,login,49
u0101,2026-01-20T19:44:11,view,175
u0011,04/29/2026 20:11:23,scroll,75
u0149,2026-02-22T04:06:48,purchase,27
u0012,2026-04-22T16:33:35,view,0
u0010,2026-02-04T07:01:49,VIEW,42
u0047,2026-01-22 12:03:46,purchase,20
u0124,2026-01-25T03:35:57,login,3
u0133,2026-04-28 03:41:38,click,25
u0184,2026-01-08T19:29:02.137,login,31
u0046,2026-04-11T08:29:04,view,117
u0178,2026-01-21T12:30:48,purchase,9
u0147,2026-03-25T21:49:07,click,224
u0183,2026-02-24T16:28:07,,84
u0076,2026-01-15T08:59:20,PURCHASE!,105
u0177,2026-04-02T01:49:53,login,33
u0200,2026-03-13T05:56:29,purchase,16
u0047,2026-01-08T11:18:49,scroll,11
u0190,04/29/2026 18:13:08,scroll,128
u0139,2026-03-18T18:35:52,purchase,129
u0172,2026-02-25 18:40:36,scroll,0
u0090,02/07/2026 18:35:53,purchase,81
u0009,2026-01-03T03:36:16,view,52
u0024,2026-01-27T02:57:20,login,55
u0064,2026-03-26 06:59:24,purchase,187
u0093,01/01/2026 23:07:47,view,32
u0051,2026-04-19T04:35:34,login,24
u0118,2026-01-12T00:12:04,scroll,20
u0067,2026-04-09 18:21:54,purchase,149
u0060,2026-03-03 19:15:42,view,224
u0146,2026-02-20T01:33:49,view,99
u0149,02/12/2026 10:37:28,purchase,76
u0066,2026-04-26T03:18:29,login,84
u0056,2026-03-24T06:02:24.606,login,151
u0007,2026-01-17T14:38:20,purchase,109
u0196,2026-03-18T06:59:42.193,login,23
u0058,2026-02-12 20:29:22,view,120
u0020,2026-02-05T16:50:18,click,283
,2026-02-13T17:05:27,scroll,58
u0179,2026-04-29T18:23:38.041,purchase,166
u0017,2026-03-07T06:59:38,login,32
u0005,04/23/2026 09:08:04,click,77
u0081,2026-03-22T22:45:17,click,17
u0168,2026-04-11T15:40:40,login,46
u0166,2026-04-20T04:47:04,login,265
u0059,2026-04-29 04:03:53,view,163
u0164,2026-04-03 09:57:01,purchase,72
u0018,2026-04-19T18:17:23,scroll,100
u0121,2026-02-26T04:01:18,click,51
u0027,2026-03-11T01:06:20,click,127
u0198,2026-04-04T12:03:22.171,login,192
u0169,2026-04-09T22:30:31,click,271
u0079,2026-03-27T18:54:33,click,79
u0191,04/04/2026 23:51:58,view,45
u0098,2026-03-07T13:42:36,test,66
u0052,2026-02-10T19:28:41,scroll,48
u0071,2026-03-16 08:45:29,click,18
u0158,2026-04-07T22:46:00,login,24
u0169,2026-04-10T16:21:16,login,664
u0089,2026-03-20T11:08:03,login,131
u0086,2026-01-24T18:10:56,login,20
u0103,2026-03-10T21:55:47,click,5
u0064,2026-02-21T20:13:40,scroll,20
u0171,03/21/2026 13:57:14,scroll,8
u0054,2026-03-02T13:28:54,view,85
u0110,2026-04-12T11:05:43,scroll,61
u0110,2026-01-20T00:51:09,purchase,90
u0135,2026-01-06T22:04:41,view,72
u0003,2026-02-08T06:20:45.091,view,308
u0191,2026-01-10T09:26:44,purchase,24
u0001,2026-03-13T13:53:14,view,23
u0055,2026-01-11T14:17:12,scroll,47
u0190,2026-02-08 20:37:30,login,144
u0057,2026-04-28T18:14:21,view,36
u0044,,scroll,32
u0092,2026-03-05T05:34:01,purchase,21
u0107,2026-01-28T01:56:31.091,scroll,55
u0123,2026-04-01T13:44:17,login,10
u0063,2026-01-03T09:49:27,click,16
u0052,2026-04-09T07:53:39,click,88
u0163,2026-01-30T16:19:06,view,
u0061,2026-04-19 20:17:04,scroll,63
,2026-01-01T17:28:57,login,45
u0024,04/26/2026 18:30:08,purchase,61
u0193,2026-04-27T07:22:05,view,100
u0181,04/26/2026 04:02:53,log_in,143
u0142,2026-02-15T14:16:38,click,79
u0175,2026-03-09T07:03:35,scroll,-5
u0174,2026-03-18 19:00:03,login,589
u0121,2026-01-25T18:08:44,login,115
u0192,2026-01-10T12:15:28,view,126
u0180,2026-04-23T10:39:27,scroll,64
u0169,2026-02-25T02:19:58.329,click,158
u0004,2026-02-07 18:31:24,click,0
u0183,2026-04-27T01:14:21,view,0
u0133,2026-01-08T11:56:01.688,klick,36
u0084,2026-02-28T17:35:28,login,0
u0179,2026-04-14 11:05:40,click,76
u0194,2026-01-13T05:42:02,view,41
u0086,2026-04-26T21:59:10.326,,99
u0163,01/15/2026 16:36:46,view,39
u0031,01/10/2026 19:28:55,scroll,17
u0198,2026-03-24T21:11:06,view,25
u0131,03/21/2026 05:20:23,view,93
u0110,2026-04-07 20:54:17,PURCHASE!,28
u0146,2026-03-25T13:04:19,view,127
u0035,2026-04-25T14:15:34.186,view,43
u0172,2026-03-07T05:14:33,scroll,30
u0147,2026-04-08T13:36:09,view,19
u0093,2026-03-19T05:37:43,purchase,23
u0144,2026-04-25T03:53:19,login,62
u0045,2026-03-04 11:02:57,click,33
u0167,2026-01-21T22:32:06,click,
u0183,01/02/2026 13:01:59,purchase,-11
u0116,2026-01-17T00:32:16.649,login,28
u0092,2026-03-02 08:35:31,view,25
u0143,2026-01-30T02:50:01.954,click,18
u0182,2026-03-29T15:19:08,scroll,9
u0183,2026-03-29T09:36:48.667,scroll,187
u0047,2026-01-24 01:11:18,click,14
u0004,2026-02-28T00:21:45,scroll,71
u0099,2026-03-17T14:41:24,click,36
u0047,2026-03-05T08:56:45,scroll,86
u0147,2026-03-29T15:36:30,click,30
u0028,2026-03-29 19:53:03,view,203
u0179,2026-01-29T21:50:39.380,login,26
u0162,2026-02-28T05:45:04,login,154
u0144,2026-01-14T03:15:59,click,105
u0029,2026-02-08 07:31:24,scroll,160
u0177,2026-04-06T21:52:26.139,scroll,114
u0114,2026-02-01 14:00:54,click,14
u0033,2026-01-03 08:33:43,purchase,322
u0165,2026-01-20T05:56:01,click,0
u0186,04/10/2026 07:47:40,click,31
u0072,04/23/2026 08:28:48,PURCHASE!,19
u0096,2026-01-31T01:57:47,view,
u0160,2026-01-29T01:58:13,click,47
u0125,2026-02-04 17:07:38,scroll,130
u0048,2026-01-20T07:17:57,PURCHASE!,64
u0147,2026-03-29T16:23:14,purchase,44
u0101,04/07/2026 20:47:23,scroll,157
u0176,2026-01-28T19:10:36,scroll,17
u0065,2026-03-27T13:13:21,scroll,11
u0084,2026-01-13T18:17:22,click,44
u0131,2026-04-04T18:13:57,click,26
u0046,2026-01-15T11:20:57,click,46
u0172,2026-02-02 10:51:50,scroll,161
u0122,2026-04-14T08:18:25,scroll,6
u0079,2026-03-03 14:21:03,view,74
u0011,04/30/2026 12:19:41,login,29
u0103,2026-04-25T09:31:09,view,24
u0013,2026-04-26 00:08:10,purchase,31
u0027,2026-03-07T04:41:53,purchase,13
u0166,2026-03-12T09:22:08,view,18
u0059,01/04/2026 17:53:00,view,46
u0181,2026-01-25T08:50:32,purchase,117
u0045,2026-02-08 10:38:21,purchase,70
u0078,2026-04-02 19:56:25,scroll,23
u0033,2026-02-15T23:02:37,scroll,216
u0007,2026-03-23T16:36:34,scroll,104
u0124,2026-03-02 18:21:27,log_in,13
u0198,2026-01-26T10:12:33,purchase,31
u0089,2026-02-12T19:16:06.189,purchase,20
,2026-01-21T20:50:45,click,63
u0061,2026-02-27T22:31:10,login,10
u0165,2026-01-31T23:26:56,view,86
u0146,2026-04-15 07:31:40,click,134
u0034,2026-03-20 17:39:45,login,81
u0195,2026-03-18 00:34:54,click,
u0070,2026-03-09 21:14:44,login,-38
u0151,2026-04-10T21:44:23,login,20
u0145,2026-01-30 04:54:12,login,55
u0038,2026-04-04 01:43:47,purchase,39
u0104,2026-02-05T22:04:12,login,93
u0142,2026-04-12T14:11:33,login,64
u0042,01/06/2026 18:35:02,scroll,14
u0068,2026-01-03T04:00:03,view,57
u0046,2026-04-09T01:11:14,click,32
u0146,2026-02-21T14:52:23,view,21
u0031,2026-03-25T21:00:31,scroll,76
u0149,2026-03-09T04:29:05,view,52
u0073,2026-03-20T19:45:10,view,0
u0044,2026-02-07T18:09:45,view,50
u0094,03/01/2026 02:55:32,click,7
,2026-02-10T18:13:17,purchase,115
u0143,02/19/2026 17:36:56,login,-33
u0027,2026-01-15T06:34:13,login,162
u0105,2026-04-03 23:16:15,scroll,144
u0074,2026-03-31 08:39:10,VIEW,7
u0061,2026-03-18T11:37:03,scroll,269
u0058,2026-02-13 00:34:05,scroll,25
u0183,2026-04-14T17:22:01,login,25
u0052,04/22/2026 10:19:23,purchase,32
u0069,2026-02-20T21:01:01,view,244
u0002,2026-03-01T02:44:27,login,11
u0092,03/22/2026 02:17:18,scroll,62
u0104,2026-02-13 06:46:05,purchase,103
u0126,2026-01-02 15:45:09,purchase,34
u0065,02/12/2026 22:20:48,login,68
u0037,2026-04-21T18:29:17,click,22
u0181,,purchase,116
u0009,2026-02-08T17:09:18,login,37
u0192,2026-03-21T08:09:47,scroll,126
u0158,2026-02-22 13:15:01,purchase,54
u0151,2026-04-02 21:18:38,click,78
u0077,2026-03-10T09:04:42,scroll,158
u0047,2026-04-20T13:37:07,scroll,117
u0092,2026-01-01T20:41:14.106,scroll,64
u0121,2026-01-15T07:42:33,scroll,121
u0061,2026-04-27T06:17:56,login,0
u0161,03/02/2026 15:31:28,PURCHASE!,31
u0116,2026-03-29 19:23:16,login,42
u0199,2026-03-02T20:08:47,view,4
u0061,2026-04-15 20:17:21,purchase,183
u0054,2026-04-15T19:17:01.020,click,230
u0122,01/16/2026 16:09:12,login,55
u0079,2026-02-13T07:11:55,click,318
u0121,02/24/2026 02:07:43,click,141
u0060,2026-04-22 09:05:15,click,77
u0028,2026-04-07T13:35:18,purchase,31
u0105,2026-01-20T15:04:17.950,click,-40
u0065,2026-01-30T11:06:35,VIEW,89
u0105,2026-02-09T17:28:19.414,purchase,19
u0047,04/11/2026 20:53:40,view,271
u0164,2026-01-21T13:50:43,purchase,12
u0011,2026-03-10 14:40:00,scroll,-34
u0196,2026-04-17 18:35:19,login,91
u0033,2026-02-10T21:33:05,click,188
u0008,2026-03-23T21:12:54,click,44
u0004,2026-03-01 00:27:52,purchase,43
u0046,2026-04-21 16:12:13,click,39
u0017,2026-01-18T22:25:36.775,login,60
u0190,2026-04-02 01:58:08,purchase,157
u0113,2026-03-02T21:45:21,click,20
u0063,2026-01-28T03:26:12,purchase,33
u0180,2026-01-22T16:22:34,view,45
u0007,2026-01-05 08:59:30,login,32
u0196,2026-03-07T10:11:24,view,58
u0007,2026-04-30 08:03:06,login,10
u0045,2026-02-11T13:35:02,click,0
u0011,2026-03-02T06:35:46.528,purchase,79
u0197,2026-02-05T22:56:11,view,7
u0042,2026-02-01T00:02:36,login,84
u0128,03/06/2026 19:50:29,view,68
u0075,2026-03-18T09:15:59,purchase,-28
u0040,2026-02-15T00:01:09,scroll,14
u0149,01/22/2026 09:36:32,purchase,954
u0007,2026-04-25 12:25:21,purchase,0
u0184,2026-03-04 06:20:18,purchase,98
u0011,2026-02-09 05:45:18,purchase,374
u0168,2026-04-07T13:35:41.950,purchase,35
u0011,2026-02-15T06:22:32,view,605
,2026-03-13T09:13:27,purchase,0
u0199,2026-02-14 09:48:54,purchase,92
u0143,2026-04-05 01:35:14,scroll,9
u0044,2026-02-05T08:06:44,unknown,78
u0019,2026-04-02 15:57:49,scroll,55
u0033,2026-04-10T21:50:10,click,24
u0144,2026-03-15 08:01:19,purchase,134
u0074,2026-04-09T06:34:47,scroll,52
u0104,2026-01-29T15:46:28,purchase,
u0060,2026-02-21T02:25:21,scroll,42
u0190,2026-04-04T22:41:52,click,24
u0155,2026-02-02 20:32:12,,11
u0011,2026-04-01T05:18:48.583,login,95
u0119,2026-04-06T00:56:39,view,133
u0056,2026-01-13T19:39:08.672,view,60
u0004,2026-02-24T15:35:40.968,click,21
u0157,2026-03-14T08:48:54.762,login,21
u0144,2026-01-09T15:18:46,click,151
u0168,2026-02-18T13:02:10,click,41
u0047,2026-03-21 08:56:49,click,44
u0174,2026-01-13T10:03:47,purchase,9
u0075,2026-03-21T17:17:15,purchase,39
u0113,02/05/2026 12:06:33,click,26
u0162,2026-03-09T12:12:16.322,scroll,6
u0122,2026-04-25T14:13:18,,55
u0165,,login,92
u0041,03/14/2026 00:39:45,login,92
u0193,2026-02-23T18:11:03,login,71
u0099,2026-03-03T04:31:41,view,64
u0198,2026-03-26T00:49:42.439,buy,30
u0159,2026-02-27T06:03:45,purchase,386
u0006,2026-04-11T23:36:45,click,10
u0037,2026-02-14 12:50:22,view,261
u0033,2026-04-20T10:57:32.636,login,28
u0017,2026-03-07T11:55:51,login,12
,2026-04-15 06:13:03,login,0
u0036,2026-04-23T11:04:44,click,66
u0181,2026-04-17T07:53:52,purchase,
u0118,2026-02-07T15:29:35,scroll,25
u0129,2026-01-02T23:06:32,scroll,214
u0001,2026-02-09T08:09:42,purchase,127
u0150,2026-04-12T02:29:22,view,50
u0070,2026-02-27T07:36:40,view,41
u0160,02/07/2026 14:01:04,click,0
u0138,2026-01-20T05:34:22,view,50
u0145,2026-04-10T10:33:06,purchase,1525
u0062,2026-02-05T18:36:53,purchase,49
u0105,2026-04-18T17:39:53,view,112
u0002,2026-04-19T20:46:04,login,64
u0009,2026-04-28T13:07:48,view,72
u0085,2026-01-07 18:44:41,login,
u0101,02/05/2026 06:40:30,view,7
u0198,2026-04-26T08:19:58,purchase,70
u0009,2026-04-02T17:01:27,purchase,5
u0055,2026-03-31 22:30:11,purchase,26
u0118,2026-01-31T23:03:09,unknown,480
u0128,2026-03-08T10:31:43,scroll,29
u0038,2026-01-09T08:27:31,login,123
u0076,2026-03-21T08:25:01,login,-13
u0137,2026-03-16T04:05:57,click,25
u0079,2026-03-22T19:10:32,login,239
u0154,2026-02-11T03:57:20,scroll,100
u0056,03/20/2026 23:23:17,scroll,130
u0158,02/12/2026 01:59:30,click,60
u0059,2026-03-11T17:36:04,scroll,14
u0025,2026-02-10 22:00:46,unknown,24
u0119,2026-02-21 07:20:47,login,297
u0075,2026-03-10 20:10:59,view,64
u0022,2026-03-20T04:23:41,purchase,102
u0027,2026-03-30T18:50:19,view,78
u0049,2026-01-05T15:32:13,login,22
u0004,02/26/2026 14:28:56,klick,28
u0033,02/18/2026 17:38:45,buy,142
u0111,2026-04-25 03:50:47,scroll,38
u0015,2026-01-06T02:24:15.153,view,132
u0090,2026-04-07T14:45:02,scroll,0
u0197,2026-02-18T05:45:51,click,57
u0151,2026-04-22 04:34:54,view,356
u0044,2026-01-14T17:16:01,click,9
u0091,2026-01-17T12:04:28.550,login,44
u0078,2026-01-30T04:32:20.914,scroll,48
u0086,01/11/2026 11:44:25,login,29
u0077,2026-03-22T19:01:28,scroll,73
u0123,2026-01-10T11:11:32,login,96
u0183,2026-03-24 11:10:11,view,18
u0005,2026-02-08T12:59:07,login,410
u0055,2026-01-29T12:10:20.010,purchase,28
u0173,2026-03-10T02:06:10,scroll,45
u0175,2026-01-19T00:59:26,view,262
u0175,2026-01-01T17:35:52,purchase,100
u0036,2026-01-25T15:34:23,scroll,210
u0181,2026-04-22T16:44:30,test,0
u0010,03/16/2026 01:44:56,scroll,217
u0043,,purchase,29
u0180,2026-04-29T09:18:48,click,31
u0026,2026-03-25T15:55:55.598,purchase,165
u0102,2026-01-10T17:29:40,login,24
u0027,2026-03-07 04:09:28,login,0
u0036,04/15/2026 06:13:21,buy,124
u0024,04/05/2026 02:14:31,scroll,34
u0147,2026-01-14T14:00:42,view,13
u0151,2026-03-20T13:38:03,purchase,141
u0200,2026-03-01 16:33:11,view,114
u0063,2026-03-28T20:28:40,click,72
u0018,2026-01-05T10:57:23.196,,103
u0163,2026-03-25 12:05:27,purchase,37
u0064,2026-04-24T06:53:32,login,36
u0140,2026-04-21T00:43:57,login,105
u0100,2026-02-06 02:03:11,click,85
u0145,2026-04-06T22:42:31,click,183
u0157,2026-02-13 06:11:09,view,197
u0183,2026-02-07T11:37:47,view,32
u0109,2026-03-13 20:54:52,click,76
u0142,2026-03-09 19:38:34,scroll,17
u0192,2026-04-22 15:16:35,login,34
u0014,2026-03-07 00:47:16,scroll,14
u0091,2026-03-01T15:08:56,scroll,34
u0069,2026-04-09T04:49:35,purchase,14
u0028,2026-01-18 11:01:12,purchase,85
u0132,2026-04-27T15:41:12,click,47
u0190,2026-01-04T00:24:54,login,56
u0019,2026-01-02T10:40:28,login,387
u0172,01/23/2026 13:31:59,purchase,0
u0004,01/01/2026 18:08:16,purchase,139
u0143,2026-01-12 05:34:35,view,170
u0181,2026-04-09 04:21:25,scroll,29
u0056,2026-04-12 07:25:20,login,136
u0148,2026-04-09T22:15:34.404,click,25
u0046,2026-04-16T11:52:57,scroll,20
u0178,2026-01-30T13:02:32,view,90
u0025,2026-03-21T06:55:28.967,login,278
u0161,2026-03-03 14:50:27,scroll,17
u0136,2026-03-11 03:27:48,scroll,33
u0092,2026-02-24T19:56:34,view,16
u0133,2026-04-30T12:52:35,purchase,29
u0192,2026-03-24 13:07:30,purchase,19
,2026-02-01T05:40:30,purchase,107
u0197,02/01/2026 11:40:36,view,24
,2026-04-21T11:16:41,purchase,24
u0065,2026-02-23T17:47:22,click,12
u0180,2026-01-30T19:37:29,purchase,39
u0164,2026-03-14T08:17:35,scroll,7
u0112,2026-01-07T11:34:21,klick,12
u0130,2026-04-28 12:32:20,view,74
u0174,2026-03-30T14:51:10.241,purchase,
u0072,2026-03-12 01:09:43,click,28
u0032,2026-03-08T21:24:34,purchase,320
u0039,01/21/2026 09:33:19,click,11
u0195,2026-01-11T13:57:05,login,209
,2026-01-25T13:47:54.290,login,12
u0072,2026-03-06T11:12:08.746,purchase,-58
,2026-01-09T04:56:36,unknown,161
u0073,2026-04-02T16:29:14,login,193
u0158,2026-03-11 02:08:31,purchase,179
u0100,2026-01-26T19:29:11.739,view,48
u0144,2026-01-10T20:22:04,view,32
u0183,04/25/2026 22:34:37,click,88
u0166,2026-04-09T21:14:50.667,view,110
u0118,2026-02-20T19:37:52,scroll,13
u0134,2026-02-25T04:17:20.504,scroll,126
u0083,01/26/2026 03:15:35,login,15
u0183,,scroll,99
u0160,2026-01-13 19:39:33,click,167
u0034,2026-03-30T18:11:57,view,28
u0033,2026-01-28T09:40:24.046,purchase,121
u0141,2026-04-02T04:58:42.592,scroll,13
u0187,2026-03-12T08:39:10,login,129
u0104,2026-02-15T08:44:30,scroll,0
u0121,02/23/2026 05:16:50,click,
u0021,2026-04-14T09:47:42,view,225
u0098,2026-01-29T20:04:43,scroll,26
u0128,01/14/2026 13:29:45,login,13
u0018,03/06/2026 20:42:37,click,310
u0063,2026-01-27T14:37:19,click,41
u0103,,,95
u0030,2026-02-10T11:23:27,login,32
u0089,04/29/2026 17:49:25,view,125
,2026-04-22 09:52:05,login,0
u0021,2026-03-21T01:21:29,click,53
u0139,01/08/2026 00:34:14,login,684
u0118,02/22/2026 05:03:22,scroll,44
u0178,2026-01-21 04:15:50,click,64
u0155,2026-02-02 14:32:03,,-53
u0176,2026-01-07T22:08:26,login,128
u0133,2026-01-31T00:04:43,purchase,133
u0021,2026-02-19T14:08:24.877,purchase,164
u0018,2026-03-01T23:39:16,scroll,71
u0053,03/01/2026 14:42:38,klick,163
u0023,2026-01-02 16:05:35,click,29
u0005,01/07/2026 20:22:19,login,33
u0165,2026-03-17T21:24:48.080,login,16
u0096,2026-03-18 02:47:09,scroll,360
u0117,03/14/2026 15:05:40,view,104
u0079,2026-04-26T18:54:57,scroll,0
u0020,2026-04-12T10:09:17,click,19
u0156,2026-04-22T15:09:54.780,login,71
u0089,,view,223
u0004,2026-04-15T03:57:25,login,23
u0138,2026-02-12T16:47:09,scroll,109
u0075,2026-01-23T19:16:49,login,34
u0082,02/02/2026 07:22:13,scroll,20
u0110,2026-01-26T18:02:59.849,scroll,72
u0083,2026-04-15 15:10:20,view,9
u0062,02/12/2026 09:18:20,purchase,101
u0042,2026-04-12T14:44:12,click,37
u0103,2026-02-21 14:31:54,login,63
u0058,2026-01-05T14:59:56,unknown,77
u0159,2026-02-12T13:08:18,view,68
u0045,2026-01-24T19:56:24,purchase,17
u0034,2026-01-20T20:08:18,click,67
u0136,03/17/2026 00:20:00,login,152
u0009,2026-02-18 19:23:14,purchase,66
u0040,2026-01-11T14:21:31.553,view,
u0159,01/25/2026 12:56:23,scroll,16
u0041,2026-02-25T09:36:45,login,140
u0179,02/20/2026 11:05:37,scroll,19
u0049,2026-04-22T03:00:21,,104
u0024,2026-02-12 01:42:31,scroll,74
u0007,2026-01-28T14:11:53.842,click,78
u0170,2026-01-17 23:38:23,click,49
u0127,2026-04-21T20:29:25,scroll,209
u0140,2026-04-12T22:33:57.906,,0
u0079,2026-01-07T19:33:16.590,view,55
u0143,2026-03-08T21:35:02,test,311
u0188,2026-03-27 00:06:54,login,21
u0125,04/20/2026 21:56:54,click,34
u0060,2026-03-26T02:16:00,,221
u0086,2026-03-18T12:39:56,PURCHASE!,25
u0191,,unknown,74
u0050,03/23/2026 20:21:38,purchase,68
u0160,2026-04-29T18:42:58,click,38
u0085,2026-01-19T21:45:12,purchase,10
u0155,2026-04-17T13:53:58,view,82
u0121,2026-03-13T22:59:45,scroll,-51
u0128,2026-01-10T20:48:27,purchase,58
u0069,2026-04-06T01:49:24,click,36
u0194,2026-03-27T16:07:02,scroll,42
u0012,2026-03-02T02:20:32.543,view,174
u0021,2026-01-01T02:31:03,scroll,10
u0042,2026-01-05 02:49:03,scroll,183
u0018,2026-03-31 10:57:33,scroll,97
u0132,2026-04-14T02:46:58,login,90
u0180,2026-04-26 21:34:11,log_in,3
u0176,2026-01-28T23:55:21,login,127
u0147,2026-03-01 15:53:23,click,
u0091,2026-02-10T13:11:15,purchase,92
u0098,,purchase,41
u0046,2026-04-27T14:41:55,purchase,0
u0132,2026-03-22T12:16:59,scroll,47
u0028,2026-02-25T07:19:30,scroll,1127
u0013,2026-01-20T22:28:20,purchase,62
u0037,2026-02-15T01:10:52,scroll,104
u0030,2026-02-01T05:46:17,purchase,70
u0140,2026-03-30T23:02:36,view,55
u0190,2026-01-17T08:41:05,view,21
u0018,2026-04-02T09:24:12,view,5
u0129,2026-03-08T00:49:06,scroll,7
u0058,2026-04-14T18:53:47,purchase,665
,2026-03-12T11:09:40,view,162
u0068,2026-01-13T02:17:54,view,6
u0061,01/14/2026 13:08:28,purchase,366
u0177,,scroll,0
u0116,2026-04-20T05:06:04,view,132
u0176,2026-01-19T04:23:43,purchase,18
u0092,04/01/2026 20:41:34,click,195
u0038,2026-04-14T22:34:00.288,click,
u0179,2026-03-07 16:18:25,purchase,130
,03/04/2026 02:56:57,purchase,13
u0162,2026-01-12T00:04:07.392,scroll,28
u0167,2026-01-03T01:35:05,purchase,9
u0148,2026-04-09T12:23:30,view,-15
u0172,2026-03-18T07:01:44,click,138
u0093,2026-02-23 16:08:47,purchase,1059
u0174,2026-04-11T02:26:14,scroll,11
u0073,2026-04-06T19:37:31,view,0
u0087,2026-04-01 04:54:41,login,32
u0073,2026-01-04T06:06:39,purchase,-56
u0025,2026-04-15 15:07:06,purchase,50
u0058,2026-01-23T04:06:00,login,76
u0083,2026-04-03T17:47:08,click,67
u0126,2026-03-21 20:01:47,purchase,160
u0085,01/02/2026 13:41:49,login,49
u0188,2026-03-01T02:32:24,click,74
u0144,2026-03-28T07:33:52,purchase,70
u0142,2026-02-17T17:41:43,click,56
u0164,2026-02-05T01:54:37,scroll,0
u0092,2026-04-03 16:37:42,login,9
u0150,2026-04-27T21:57:39,view,41
,2026-04-29T05:21:33,buy,78
u0068,2026-04-07 00:17:39,purchase,132
u0179,2026-01-10T09:15:43,scroll,148
u0042,2026-01-06T13:48:19,login,16
u0199,2026-04-01 18:44:42,click,57
u0028,2026-03-27T12:22:28,click,21
u0177,2026-01-19T18:57:56,click,103
